,or,pos_with_motif,neg_with_motif
GATC_30313233,70498.7825387,38140,7
GATC_37383940,131.413319418,131,1
GATC_35363738,100.723790028,300,3
GATC_34353637,68.7244702284,137,2
GATC_36373839,33.490543103,200,6
CGAT_29303132,24.8761877737,10974,592
ATCG_31323334,24.3616861225,10929,601
TCTC_32333435,22.5431925669,2163,101
TCGT_32333435,21.2694715402,2524,126
TCCT_32333435,21.2163953157,1790,88
AGAT_29303132,20.9793166063,7881,459
TCGA_32333435,20.7991679009,2323,118
ATCT_31323334,20.6569044287,7866,465
TCTG_32333435,20.0393640525,2934,157
ATCC_31323334,19.9277146894,8239,510
GGAT_29303132,19.5456263119,8241,520
TCGC_32333435,18.5388375555,3854,228
TCGG_32333435,18.1983493879,2228,129
TCCC_32333435,17.9376941191,1970,115
ATCA_31323334,17.9207655325,11122,832
TCAT_32333435,17.9010982069,2767,165
TGAT_29303132,17.490432162,11141,854
TCCG_32333435,15.6818291533,2332,157
TCAA_32333435,15.1035459746,2907,206
TCCA_32333435,15.042751933,2147,150
TCTT_32333435,14.4320450829,2195,160
TCAG_32333435,13.007151695,3009,248
TCTA_32333435,12.3706689913,574,47
TCAC_32333435,12.1060395539,2439,213
CTAG_33343536,8.33777142995,25,3
CTCT_33343536,6.72472130325,624,94
CCTC_33343536,6.62685072332,479,73
CTCG_33343536,6.2993124894,505,81
CTCC_33343536,5.4147591624,488,91
CGCG_33343536,5.22893220832,1085,212
CTTC_33343536,4.99049338967,854,174
CGAG_33343536,4.8668780436,420,87
CCCG_33343536,4.83703865231,725,152
CGAC_33343536,4.8209127949,732,154
CCCC_33343536,4.74204434396,428,91
CTCA_33343536,4.69486554133,562,121
CATC_33343536,4.64324443039,1158,255
CTTG_33343536,4.6126730446,371,81
CCTG_33343536,4.46877558547,961,219
CGCT_33343536,4.39814235652,810,187
CCGC_33343536,4.33592257482,954,224
CGAT_33343536,4.31858557395,678,159
CATG_33343536,4.31410627147,631,148
CGTC_33343536,4.27389092458,800,190
CACC_33343536,4.15423608522,1099,270
CAAC_33343536,4.1148935514,974,241
CCCA_33343536,4.1041229725,476,117
CTGG_33343536,4.07340918419,1039,260
CTGC_33343536,3.93418964622,955,247
CGGC_33343536,3.90305361978,974,254
CAAA_33343536,3.85017996289,909,240
CCCT_33343536,3.83463361876,343,90
CTAC_33343536,3.81494427601,262,69
CTTT_33343536,3.80946923596,696,185
CGTG_33343536,3.75902672436,573,154
CCAC_33343536,3.67257209362,560,154
CTGA_33343536,3.63888015531,644,179
CAAG_33343536,3.62380731885,428,119
CAGG_33343536,3.59948152988,865,244
CGCC_33343536,3.57952163666,1448,415
CCAG_33343536,3.4134503993,947,282
CAGC_33343536,3.38443714445,1096,330
CATA_33343536,3.31762235006,402,122
CCGG_33343536,3.30055278856,727,223
CGTA_33343536,3.26847834308,409,126
CGTT_33343536,3.17973909825,766,244
CACA_33343536,3.15136862844,438,140
CGCA_33343536,3.12998279815,592,191
CAAT_33343536,3.03050622651,621,207
CACT_33343536,2.96411856034,459,156
CGAA_33343536,2.95573040796,574,196
CTTA_33343536,2.94292451855,290,99
CATT_33343536,2.90401318789,604,210
CCGA_33343536,2.83192100411,310,110
CACG_33343536,2.81497488493,475,170
CTGT_33343536,2.73662332295,389,143
CAGA_33343536,2.63402478353,546,209
CAGT_33343536,2.61788957921,553,213
GTCC_34353637,2.61276120517,159,61
AGGA_34353637,2.56894674287,210,82
CGGT_33343536,2.5641630687,630,248
CGGG_33343536,2.54331159456,402,159
GATC_33343536,2.50018147064,5,2
TGGA_34353637,2.49772377563,291,117
CCTA_33343536,2.43555819421,90,37
CTAG_35363738,2.40040656309,12,5
CCGT_33343536,2.38526428815,356,150
CCAT_33343536,2.36991024574,410,174
CCAA_33343536,2.31889624272,268,116
CCTT_33343536,2.31018738932,267,116
CTTT_35363738,2.29827806434,400,175
CTCG_34353637,2.22001730408,239,108
TCTT_34353637,2.18733265321,305,140
ATCG_37383940,2.18492817215,335,154
CGGA_33343536,2.16354341316,306,142
CCAG_36373839,2.14347756164,566,266
AGGT_34353637,2.09491373895,261,125
CTAA_33343536,2.00359345409,148,74
GGAT_35363738,1.99145501673,266,134
CTGT_37383940,1.96054099275,258,132
CGAG_36373839,1.95491590123,160,82
CGGT_37383940,1.9413819234,296,153
TGGC_34353637,1.93685561468,447,232
TCGT_37383940,1.93413024407,218,113
GGTG_35363738,1.93284781546,335,174
TGGT_34353637,1.88632218385,327,174
CAAC_36373839,1.85114907206,343,186
GCCA_34353637,1.84234812877,573,313
TGGT_37383940,1.83400254232,318,174
TCGA_37383940,1.82152420622,238,131
AGAT_34353637,1.81423139893,219,121
CAGT_37383940,1.81086076395,332,184
ACGT_37383940,1.80922429627,222,123
CTAT_33343536,1.78455121501,155,87
TCTA_34353637,1.78367622289,98,55
TGAT_34353637,1.78249716415,341,192
CTGC_34353637,1.77846176481,342,193
TCAA_35363738,1.7731280005,304,172
ACCG_34353637,1.77198986277,390,221
CACG_36373839,1.77194161974,258,146
TCGA_35363738,1.7702098363,219,124
ATCT_34353637,1.76357615741,241,137
ATCG_34353637,1.73744870651,329,190
ACAA_35363738,1.72358705494,287,167
CTTC_35363738,1.70095765573,361,213
ATCG_36373839,1.69472617716,262,155
CAGG_37383940,1.69258000013,371,220
CAAG_36373839,1.69223442498,174,103
TCCG_35363738,1.6752329797,239,143
CCCA_35363738,1.67007100477,210,126
GACC_34353637,1.66721124149,203,122
ATCA_34353637,1.66636526508,405,244
AGCG_34353637,1.65446433931,389,236
CAAA_36373839,1.64864570288,422,257
ACCT_37383940,1.63984002035,167,102
CCAC_35363738,1.63500829107,326,200
TCGG_35363738,1.63460327618,243,149
TTCG_37383940,1.62361492648,264,163
ACCA_35363738,1.61642124505,295,183
CACC_36373839,1.61320901148,389,242
CCAA_35363738,1.61118713692,193,120
CGCC_36373839,1.60871758399,506,316
CTGA_34353637,1.60242993083,353,221
CATG_36373839,1.59926849095,233,146
GCTT_34353637,1.59774271162,263,165
GCGT_37383940,1.59291674791,305,192
TCGG_34353637,1.59227832423,159,100
GGAA_35363738,1.5911325196,292,184
ACTT_34353637,1.58391962782,215,136
CTCG_36373839,1.58382195006,155,98
CGAT_36373839,1.58149511569,232,147
GTGT_37383940,1.5749811934,140,89
GCGC_35363738,1.57319775796,406,259
GCCC_34353637,1.56626744441,275,176
CCGT_37383940,1.56088849226,215,138
GACG_34353637,1.55839250397,210,135
GGTC_34353637,1.55112629859,158,102
GGTT_35363738,1.55005141784,266,172
GACA_34353637,1.54861344612,238,154
GAGC_34353637,1.54618530387,176,114
TCAC_35363738,1.54554749501,256,166
CTCG_37383940,1.54361312096,148,96
CAGA_37383940,1.542924851,274,178
ATCA_37383940,1.54108256388,335,218
TCTC_35363738,1.53320513683,173,113
GTCT_34353637,1.5314174045,156,102
CTGG_36373839,1.52980331706,442,290
GGCT_35363738,1.52440339503,210,138
AAGT_37383940,1.52440339503,210,138
AGCA_34353637,1.52379932009,354,233
GGAG_35363738,1.52368034681,102,67
TCGC_35363738,1.51300231993,347,230
GGTG_32333435,1.5064298806,176,117
CCGA_35363738,1.49854724686,196,131
TGCT_34353637,1.49355833902,298,200
GCCA_35363738,1.48956027176,355,239
AGCT_34353637,1.4892389923,174,117
ACGA_35363738,1.48871200952,168,113
GCTA_34353637,1.48256715358,154,104
GACG_36373839,1.4810306303,238,161
CCGG_36373839,1.47659818032,277,188
GTCA_34353637,1.47160433052,279,190
GCAA_35363738,1.46951408829,416,284
CGCG_36373839,1.45419902037,364,251
TTTG_36373839,1.44935777587,308,213
CCTG_36373839,1.44825114906,302,209
TCCA_35363738,1.44739862361,198,137
GGCG_35363738,1.44718722561,427,296
ATCC_34353637,1.44098267358,200,139
ACCC_34353637,1.4371025835,188,131
TTGG_37383940,1.43410229902,159,111
CTAC_35363738,1.43149594709,133,93
TCCG_37383940,1.42572252344,205,144
AGGG_34353637,1.42409632404,138,97
TCTC_34353637,1.42353378958,128,90
GATG_36373839,1.42234438223,366,258
CCGC_35363738,1.42128188997,394,278
GGTC_35363738,1.42126333594,159,112
CTAT_35363738,1.42056365875,149,105
CATC_36373839,1.41700768185,359,254
ATGT_37383940,1.41624835931,222,157
GCTC_36373839,1.41599449706,157,111
ATGG_37383940,1.40835261279,232,165
GCAT_35363738,1.40771888292,288,205
AGTT_34353637,1.40701710556,243,173
CCCA_34353637,1.40677653085,163,116
CACG_34353637,1.40493040534,174,124
GCAC_35363738,1.40087754435,221,158
ATCT_37383940,1.39990143975,165,118
CCAG_35363738,1.39570227423,430,309
GGCC_34353637,1.39471896138,163,117
TCCT_37383940,1.39303626377,135,97
CAGC_34353637,1.3913398188,401,289
ACAG_36373839,1.38808180957,183,132
TTGT_37383940,1.38217201733,247,179
CTTC_36373839,1.37873512708,267,194
GCGT_35363738,1.37717587148,301,219
GCAG_36373839,1.37573055769,350,255
CCAT_35363738,1.37426698846,299,218
CGCG_34353637,1.37299483485,270,197
GCTC_35363738,1.37121176711,163,119
GCGC_34353637,1.36627411813,402,295
CGCA_34353637,1.3661610625,285,209
CGAA_36373839,1.36415696087,237,174
GCTG_36373839,1.36184594482,398,293
CAGC_37383940,1.36164028546,360,265
TATC_36373839,1.36129066093,265,195
GCTG_35363738,1.35750278756,417,308
TAGT_37383940,1.35556129032,84,62
CAGA_34353637,1.35275141667,262,194
GGGT_35363738,1.35269789539,123,91
TTGA_37383940,1.3523012858,270,200
CCAC_36373839,1.35042216339,205,152
AGGC_34353637,1.34953323715,256,190
TCAT_35363738,1.34934773356,260,193
GGCA_35363738,1.3483177614,331,246
TGAT_35363738,1.34808110473,292,217
ACGG_37383940,1.34751182742,218,162
GGGT_34353637,1.3470032877,144,107
CTTG_36373839,1.34482617401,129,96
TCTT_35363738,1.34340946931,216,161
CGGG_36373839,1.34211090766,185,138
GTAT_35363738,1.33756414756,147,110
TACG_36373839,1.33725958891,183,137
AGCT_35363738,1.33440124266,132,99
TACC_36373839,1.33289342342,209,157
AACG_37383940,1.3321374306,266,200
GCCT_37383940,1.32991984141,182,137
GCGA_34353637,1.32740514172,273,206
CAAT_36373839,1.32693751536,261,197
TCGA_34353637,1.32575142784,151,114
CGTG_36373839,1.32342798388,193,146
CGAC_36373839,1.32154025671,198,150
GCGA_35363738,1.32081271829,244,185
GATA_34353637,1.31915795926,270,205
CTGG_37383940,1.31755867753,292,222
GTCA_35363738,1.31612314191,188,143
TCTG_35363738,1.31544759766,264,201
ACGA_37383940,1.31524141652,180,137
TGCC_34353637,1.3146033855,311,237
GCCT_34353637,1.31317167907,257,196
GGCA_34353637,1.31215567456,381,291
GAGG_34353637,1.31055789893,93,71
GAAC_36373839,1.31018819647,195,149
TCTT_37383940,1.30790273907,179,137
GTTG_36373839,1.30723065988,278,213
GACG_37383940,1.30545631904,150,115
TGTT_34353637,1.30499931907,245,188
TTCC_34353637,1.30023067436,248,191
GAAC_34353637,1.2989510312,205,158
CGTC_36373839,1.29878373166,227,175
TCCA_37383940,1.29868471359,192,148
GCAC_36373839,1.29502675506,185,143
CCCG_35363738,1.29495452405,216,167
GTTC_36373839,1.29443968603,203,157
ACGC_37383940,1.29440441508,274,212
CTCT_37383940,1.2934354346,106,82
CGGC_36373839,1.28967800854,318,247
ATCC_37383940,1.28902141317,179,139
GGTA_35363738,1.28898563019,188,146
CGGT_36373839,1.28829606965,274,213
AGCA_35363738,1.28473856397,263,205
TGGA_37383940,1.2834226599,200,156
CTCC_36373839,1.28245541856,132,103
TTTC_36373839,1.28218461989,320,250
CACA_34353637,1.2814537946,169,132
CTGA_36373839,1.2811872978,261,204
ATCC_36373839,1.27803970223,166,130
CCAT_36373839,1.27761878566,194,152
CGAT_35363738,1.27725870793,236,185
TGGG_37383940,1.2770887656,134,105
GTTC_35363738,1.27247525716,211,166
GAAG_36373839,1.26999527388,241,190
CCTT_35363738,1.26877609145,180,142
GTCG_34353637,1.26454030889,216,171
ACCA_34353637,1.26403476047,347,275
GCGG_36373839,1.26350953879,299,237
TTCG_36373839,1.26300868028,217,172
AAGA_37383940,1.26266436182,193,153
CGTA_36373839,1.26178791932,145,115
TTCC_36373839,1.26016046401,258,205
GGCG_36373839,1.25855581807,343,273
ACCG_37383940,1.25676263411,335,267
ACCC_37383940,1.25328509556,124,99
GTAG_36373839,1.25069749387,115,92
TCAA_34353637,1.24992383538,221,177
CAGG_36373839,1.24865461534,298,239
CTGA_37383940,1.24487837245,276,222
GGTA_32333435,1.24432352783,143,115
CCTT_37383940,1.24432352783,143,115
GCTC_34353637,1.24222317101,144,116
CCGG_35363738,1.2421065132,263,212
GTGG_36373839,1.24013822198,197,159
GCCG_34353637,1.23881014574,371,300
GTCG_37383940,1.23840211636,172,139
CTCA_34353637,1.2383445508,125,101
TCCC_34353637,1.23780378902,120,97
CACG_37383940,1.23712113578,157,127
GGAC_35363738,1.23430474809,95,77
GGAC_34353637,1.23338488089,90,73
CCTG_35363738,1.23189793663,310,252
CGAC_35363738,1.23175604705,176,143
ACCT_34353637,1.23130963055,187,152
TCAG_36373839,1.22811761849,238,194
GCCG_35363738,1.22634159994,245,200
CAGC_36373839,1.22518889999,428,350
CACA_36373839,1.22477242159,164,134
CGCT_36373839,1.22407731602,236,193
GAGG_37383940,1.22269634227,88,72
CTAG_36373839,1.2222813768,11,9
TTCA_34353637,1.22205404605,260,213
TTCC_37383940,1.21978688106,195,160
CCGC_36373839,1.21895001947,325,267
TGCG_34353637,1.2185758252,224,184
AACA_34353637,1.21789747579,298,245
CCTC_35363738,1.21646945845,107,88
GTCG_36373839,1.21620951438,209,172
CGGC_35363738,1.21051886271,295,244
TCTG_36373839,1.20958786375,197,163
TTGG_35363738,1.20707783435,111,92
TATG_36373839,1.20495930714,177,147
CTCT_36373839,1.20434639571,130,108
GGTC_37383940,1.19872379258,127,106
CGCA_36373839,1.19771047999,268,224
CAGT_36373839,1.19764772039,213,178
TCTA_37383940,1.19674748762,67,56
ACAC_35363738,1.19269462183,149,125
GCGA_37383940,1.19117772211,282,237
AGGT_37383940,1.1861458791,147,124
ATGC_37383940,1.18595885623,250,211
GTTT_35363738,1.18572478427,289,244
ACGG_35363738,1.18501622916,180,152
AAAG_37383940,1.18500046527,277,234
CGCT_37383940,1.1825169267,254,215
CCGG_34353637,1.18179545938,268,227
TCGG_37383940,1.17895264696,152,129
ATCT_36373839,1.1787323898,119,101
GGTG_36373839,1.17629589253,201,171
GACT_34353637,1.17600919775,134,114
TGAT_37383940,1.17533034536,229,195
CCAC_37383940,1.17407454201,176,150
GAGT_37383940,1.1739533631,115,98
ATGA_37383940,1.17381217964,258,220
GTAA_34353637,1.17312583141,170,145
CACT_37383940,1.17018221627,131,112
GATT_35363738,1.1675462704,217,186
TCGT_35363738,1.16726151456,147,126
CCCT_35363738,1.16510132027,99,85
GAAG_37383940,1.16318008576,222,191
CATA_36373839,1.16283977481,172,148
CGGT_35363738,1.16252049495,230,198
ACTG_36373839,1.16147607588,195,168
GCGC_36373839,1.15904562326,382,330
CGTC_37383940,1.15776116917,162,140
TTCT_34353637,1.15757256284,214,185
TTCA_37383940,1.15744898269,281,243
GGGC_35363738,1.156144867,156,135
TCCA_34353637,1.15446274923,165,143
CCCG_36373839,1.15277491685,197,171
AAGC_37383940,1.15083933437,230,200
CGTG_37383940,1.14952219128,162,141
AACA_37383940,1.14835916771,249,217
TCAG_35363738,1.14835916771,249,217
ACCT_35363738,1.14723424851,125,109
AACC_34353637,1.14366349917,232,203
GCGG_37383940,1.14306366416,249,218
GGGT_37383940,1.14166421483,105,92
AAAC_37383940,1.14117960489,301,264
GCAC_34353637,1.14003289591,147,129
AACC_37383940,1.1388133637,206,181
CTGC_36373839,1.13752817064,350,308
TGAC_34353637,1.13519431221,177,156
TCTC_36373839,1.13366317423,102,90
GCCA_37383940,1.13316412359,317,280
CCGT_36373839,1.13281692042,197,174
GGAT_34353637,1.13267113849,137,121
GGCT_34353637,1.1323416601,189,167
AACG_36373839,1.13226693768,215,190
GAAT_35363738,1.13065855842,165,146
GCAA_36373839,1.13031978469,288,255
AACA_35363738,1.12920935866,246,218
CGAT_37383940,1.12906478115,158,140
CTCT_35363738,1.12820784676,97,86
GCGT_34353637,1.12798877077,257,228
GACG_35363738,1.12725314827,160,142
GCGA_36373839,1.12631257553,206,183
CGCA_35363738,1.12525747729,262,233
CACC_37383940,1.12400279362,182,162
AAAG_36373839,1.12235872236,249,222
GCCG_37383940,1.12208640329,296,264
GTAC_35363738,1.12184907678,120,107
CTCC_35363738,1.12153850564,111,99
ACCA_37383940,1.12146891852,288,257
AGTC_37383940,1.11962003405,75,67
AGCG_35363738,1.11812576804,257,230
TCCG_34353637,1.11802683259,133,119
AGAT_35363738,1.11759433189,143,128
GGCG_34353637,1.1165144789,299,268
CAAG_37383940,1.11521290304,97,87
AGAC_34353637,1.11353165651,118,106
ATAC_35363738,1.11339463016,128,115
GCCG_36373839,1.11320846628,277,249
AACT_37383940,1.11298656332,178,160
CACT_36373839,1.11061354932,141,127
CACT_35363738,1.10746524769,124,112
CGCC_35363738,1.10681592631,313,283
GAGA_34353637,1.10558501671,126,114
GGTA_34353637,1.10411444977,181,164
TGCT_35363738,1.10257685447,216,196
TCCT_35363738,1.10230813327,108,98
ACTG_35363738,1.10154566386,218,198
TCAA_37383940,1.09986944223,188,171
AACG_34353637,1.09766072103,260,237
TGTT_35363738,1.09646603447,217,198
GTTA_34353637,1.09558223397,242,221
CCGA_37383940,1.0939924848,187,171
ACGT_35363738,1.09272861654,130,119
AATC_36373839,1.09237865998,190,174
CGCG_37383940,1.09224495103,274,251
CAGT_34353637,1.09184831002,215,197
CGGT_34353637,1.09138665216,216,198
TTGC_37383940,1.08769277957,262,241
GCAG_35363738,1.08759226177,300,276
CCGT_35363738,1.08514125118,192,177
ACCC_35363738,1.08434886673,116,107
CTTT_36373839,1.08249410243,264,244
GGCC_35363738,1.08222981377,132,122
CGGA_37383940,1.08194788298,159,147
TGCG_37383940,1.08178689534,226,209
CGGC_34353637,1.08020714066,271,251
AACT_35363738,1.07978482893,163,151
TGCA_34353637,1.07934086718,205,190
CATT_36373839,1.07933722295,260,241
AGCC_34353637,1.07857919875,193,179
AGAC_35363738,1.07849635483,124,115
TTCG_34353637,1.07531339585,172,160
ATGG_36373839,1.07218181905,164,153
GACC_35363738,1.06977284452,123,115
ATTG_36373839,1.06734899878,223,209
CAGA_36373839,1.06734899878,223,209
ACGT_36373839,1.06440091863,116,109
GCAT_36373839,1.06344293593,219,206
GTCA_37383940,1.06315128487,169,159
TGCA_35363738,1.06314127401,186,175
GCCA_36373839,1.0623712733,257,242
AAAC_34353637,1.0623712733,257,242
CCGC_34353637,1.06019019518,248,234
AGAT_37383940,1.05900339169,126,119
CAAC_34353637,1.05839666444,182,172
TTTA_34353637,1.05787445654,202,191
CGGG_37383940,1.05734819738,148,140
ATCA_36373839,1.05401959416,196,186
GAGA_36373839,1.05331919537,99,94
CCCA_37383940,1.05281045017,140,133
CCTT_34353637,1.05241761479,141,134
ACAG_35363738,1.05195415706,183,174
GGTG_37383940,1.05136626539,185,176
CGAA_35363738,1.05022967554,189,180
TCGC_37383940,1.04938793262,235,224
CGGA_34353637,1.04878934674,151,144
TTTG_37383940,1.04852620052,239,228
GAAA_36373839,1.04848007492,283,270
GCGG_34353637,1.0481065748,241,230
AGGA_37383940,1.04685593438,112,107
ACGC_35363738,1.04633742737,227,217
CACC_34353637,1.04591757881,183,175
CAAC_37383940,1.04415902977,190,182
TCCG_36373839,1.04398628501,119,114
GCGT_36373839,1.04280692197,245,235
GCTT_36373839,1.04096797166,153,147
GCGG_35363738,1.0407683795,231,222
ACCG_36373839,1.04040634222,233,224
GCTT_35363738,1.04000326634,209,201
CGAA_34353637,1.03949620976,132,127
CATG_37383940,1.03771991879,138,133
AACT_34353637,1.0372134982,196,189
ATTG_37383940,1.0372134982,196,189
GCCC_37383940,1.03716290938,140,135
ACAA_36373839,1.03689054822,141,136
TCAC_37383940,1.03607914998,173,167
GTGC_34353637,1.03544504249,176,170
CTGC_37383940,1.03524627845,266,257
ACTT_35363738,1.03345880182,155,150
GTGA_36373839,1.03137524594,165,160
GTGA_37383940,1.03080003183,168,163
GGTA_36373839,1.0282688654,146,142
GTTT_36373839,1.02779975131,223,217
CCGA_36373839,1.02662338861,116,113
GTCC_36373839,1.02569074887,80,78
TAGG_37383940,1.02441505235,42,41
ACAT_35363738,1.02322082324,177,173
CTTG_37383940,1.02252149292,91,89
CGGA_36373839,1.02197223109,140,137
GCAC_37383940,1.0213509786,144,141
ACAT_34353637,1.0207640025,148,145
GCAC_29303132,1.02050261007,606,594
TGAG_36373839,1.01759323341,116,114
GCTG_34353637,1.01748505559,293,288
GTCC_35363738,1.01615365315,63,62
TACC_34353637,1.01531645919,133,131
GTGC_37383940,1.01497464375,136,134
ACGG_36373839,1.01486408126,137,135
GTGG_34353637,1.01374785554,148,146
CGCA_37383940,1.01221965701,250,247
ACGA_36373839,1.01002449494,101,100
CGTT_37383940,1.00975784105,208,206
TCCT_34353637,1.00945844704,107,106
CTGT_34353637,1.00706670163,143,142
GCCC_36373839,1.00696889137,145,144
AGCC_37383940,1.0067812015,149,148
TGAA_34353637,1.00510057514,198,197
CGTT_36373839,1.0,205,205
AACG_35363738,1.0,199,199
CCTA_34353637,1.0,54,54
GAAA_35363738,1.0,238,238
GATC_32333435,1.0,1,1
ATAG_37383940,1.0,104,104
CGCG_35363738,0.995551003301,225,226
TCGC_34353637,0.994570424617,184,185
TTGA_35363738,0.994195499356,172,173
GATT_34353637,0.994058692084,168,169
CTGT_36373839,0.993606443116,156,157
GACC_36373839,0.993031446999,143,144
TTCG_35363738,0.992833041458,139,140
AGCT_37383940,0.991428937569,116,117
GGTC_36373839,0.990716709384,107,108
TCCC_35363738,0.990452167285,104,105
TATA_36373839,0.98997599127,99,100
CATC_37383940,0.989747799946,194,196
TGTC_34353637,0.988740072582,88,89
GTAG_37383940,0.988348131907,85,86
AAAA_37383940,0.987189079321,389,394
CCGG_37383940,0.98543536401,204,207
AATC_37383940,0.984464293634,191,194
AGAA_35363738,0.983712065487,182,185
TGCT_37383940,0.983443361437,239,243
ACTA_36373839,0.982432339388,56,57
CAAT_37383940,0.982176942165,166,169
CGAA_37383940,0.979095356007,141,144
CTAA_35363738,0.978675941795,92,94
CGCT_35363738,0.978329263495,227,232
TGAA_37383940,0.97705013059,214,219
AAAG_34353637,0.97705013059,214,219
GGGC_34353637,0.976673077704,126,129
AGTA_34353637,0.975928952732,122,125
GTGC_36373839,0.975662779889,161,165
GTAC_34353637,0.974952734148,78,80
GATG_35363738,0.969707803498,193,199
CAAC_35363738,0.969089430438,189,195
AGTG_34353637,0.968898191691,125,129
CGGG_34353637,0.968409932598,123,127
AATG_37383940,0.966019154083,200,207
TTTC_34353637,0.965855028612,199,206
TGCC_36373839,0.964724527181,220,228
GGCG_37383940,0.963932258894,242,251
CAAT_35363738,0.963377755231,185,192
AAGA_35363738,0.962004469673,127,132
GGCA_37383940,0.961974202161,229,238
GAGG_36373839,0.961468546723,75,78
GGTT_37383940,0.961150277857,149,155
TGCC_35363738,0.960488389616,220,229
AGCA_37383940,0.960142208592,218,227
TCCC_36373839,0.959502883046,95,99
TCGC_36373839,0.957485789576,181,189
TGCG_35363738,0.956848740816,223,233
TAAC_36373839,0.956803225493,178,186
GAGA_37383940,0.956780488295,111,116
TCAC_34353637,0.956627479127,155,162
CCCG_34353637,0.955533759936,151,158
CTAC_36373839,0.954963566022,85,89
CATC_35363738,0.954924671071,213,223
CACC_35363738,0.953256543366,205,215
GATA_36373839,0.95303925779,204,214
ACTA_34353637,0.952288609243,80,84
TCAC_36373839,0.951562421527,138,145
ATCT_35363738,0.951474372621,118,124
AACC_36373839,0.950341609509,173,182
CCAC_34353637,0.949815453353,152,160
TGCG_36373839,0.9490078842,187,197
TGCA_37383940,0.948223121344,184,194
GGTT_34353637,0.948223121344,184,194
GGCC_37383940,0.947801748175,91,96
AGTA_37383940,0.946693732058,89,94
CGTT_35363738,0.946390408794,213,225
ATAA_37383940,0.945758895179,228,241
ACTC_36373839,0.942719950112,99,105
ACAT_37383940,0.942674072687,132,140
GGTA_37383940,0.941846085015,130,138
GAGG_30313233,0.940570964832,287,305
TTCT_36373839,0.939165814879,155,165
CCTC_36373839,0.935784024027,73,78
ATAC_37383940,0.934413618814,143,153
GTTC_34353637,0.93398373215,142,152
CACA_35363738,0.933174895722,98,105
CCCC_35363738,0.933152200281,112,120
CTCA_36373839,0.93109433034,122,131
AAGG_37383940,0.93080849803,135,145
TTAA_35363738,0.93022737631,228,245
TTGG_36373839,0.928413826069,91,98
GGGA_37383940,0.928391254634,104,112
TTAT_35363738,0.928187469379,221,238
TTCT_37383940,0.927519415382,180,194
TGAC_35363738,0.927198060588,192,207
ACCG_35363738,0.926340998498,215,232
CGGA_35363738,0.92542851126,137,148
CTGC_35363738,0.924522901319,197,213
TTAG_37383940,0.923916261379,73,79
GTTG_34353637,0.9234502396,194,210
AATG_36373839,0.920434038154,186,202
GAAC_37383940,0.918460011654,147,160
ATGG_34353637,0.917949173692,146,159
TCAT_34353637,0.917335070412,156,170
TACA_37383940,0.917230948184,100,109
TCGG_36373839,0.916466593913,99,108
GAAG_34353637,0.916310316342,176,192
CGGC_37383940,0.916243161094,209,228
TTTT_36373839,0.915778561708,318,347
ACTA_37383940,0.915359856442,65,71
ACTT_37383940,0.913818554844,117,128
TGGC_37383940,0.912696406958,242,265
CTCA_35363738,0.912059435516,104,114
GAAC_35363738,0.911756622999,114,125
GGAT_36373839,0.911047140864,113,124
TGGT_36373839,0.910382562,153,168
GCTA_37383940,0.909689234744,101,111
CCGC_37383940,0.908604456788,220,242
TCAT_37383940,0.90621904511,165,182
GTAG_34353637,0.906052258346,87,96
GACT_36373839,0.906052258346,87,96
CATA_37383940,0.904823965553,124,137
CCCT_37383940,0.904542510037,95,105
CATT_37383940,0.904105012598,180,199
CCAA_37383940,0.902471038411,130,144
GTGT_34353637,0.90241405421,102,113
TTCT_35363738,0.899001433505,134,149
CGCC_37383940,0.897682400006,274,305
AGTT_37383940,0.897632272656,132,147
GGGT_36373839,0.897531428697,79,88
GATT_36373839,0.897435073661,167,186
CTTG_35363738,0.897261908313,70,78
GGAT_37383940,0.894476441395,102,114
GTGT_33343536,0.893922604671,76,85
TGAA_35363738,0.893530356238,228,255
CATT_35363738,0.893241986263,185,207
TTCA_36373839,0.891371534895,198,222
GCAT_34353637,0.889524249198,178,200
CCCC_36373839,0.88860861832,104,117
AGCG_37383940,0.88740435787,230,259
ATGC_34353637,0.886275196745,188,212
CGCC_34353637,0.885111128869,217,245
ATCC_35363738,0.884357992039,92,104
TAAC_35363738,0.881580597148,127,144
GAAT_36373839,0.881558420201,172,195
CACA_37383940,0.881193791518,134,152
GAGC_37383940,0.879352339075,95,108
ATGA_34353637,0.878514273118,189,215
CTAA_37383940,0.877835982082,72,82
GAGT_36373839,0.877543732073,79,90
AGCG_36373839,0.877379522475,187,213
CGCT_34353637,0.877018264955,208,237
CCGA_34353637,0.876874646362,143,163
GGGC_36373839,0.876730075428,107,122
CAAA_35363738,0.873842339708,202,231
GTTT_34353637,0.871704129664,205,235
GTAC_36373839,0.871263752069,95,109
GACA_35363738,0.871263752069,95,109
AATA_37383940,0.870394518803,223,256
GTCG_35363738,0.870372910215,101,116
AGAA_34353637,0.870300150262,155,178
TAGA_37383940,0.870222803519,47,54
TACG_37383940,0.869581087933,107,123
CAAG_35363738,0.869312277492,80,92
CTCA_37383940,0.866829879558,111,128
ACTG_37383940,0.865391219702,142,164
GGGA_34353637,0.86521033676,103,119
ACAC_37383940,0.864550277034,96,111
CGAT_34353637,0.863643719983,108,125
CGAG_37383940,0.862270083606,69,80
TTTA_37383940,0.862010650444,220,255
CCCT_34353637,0.861818236523,75,87
GACT_37383940,0.860214859823,74,86
GCTA_35363738,0.859943981972,80,93
GCTT_37383940,0.859413445042,135,157
TAAG_36373839,0.85914974052,104,121
CCAA_34353637,0.858863171969,116,135
TTTA_36373839,0.858071549671,219,255
TCCA_36373839,0.856789456178,102,119
CCCA_36373839,0.856747764608,114,133
GTGA_34353637,0.854449187681,177,207
ATAT_35363738,0.853880858849,188,220
GTGC_35363738,0.85384850903,129,151
GTCT_35363738,0.853410283812,70,82
GGCA_32333435,0.853282935415,146,171
CTTA_35363738,0.852879994501,93,109
GCGC_37383940,0.852785951258,245,287
GTAT_37383940,0.852630993484,87,102
GGCT_36373839,0.851137511333,132,155
AGGT_31323334,0.851028120696,387,454
TCTG_34353637,0.850630182473,120,141
TTTC_37383940,0.849877861266,205,241
GTTG_35363738,0.849380526674,170,200
AGCC_35363738,0.848561995689,135,159
ACAA_34353637,0.847758442927,151,178
TCTC_37383940,0.847538381769,78,92
CTCC_37383940,0.845907799673,66,78
TTGC_36373839,0.845771090179,193,228
GCCC_35363738,0.845578510853,154,182
GCAT_37383940,0.845149013681,159,188
ATGT_34353637,0.844668999204,131,155
GACA_36373839,0.84352113076,119,141
CGAC_37383940,0.842407248225,118,140
TACA_34353637,0.842245283375,91,108
CCAG_37383940,0.841368405701,192,228
AGTT_35363738,0.839428946027,147,175
CGTA_37383940,0.837787909924,114,136
TTAC_37383940,0.83777388661,140,167
TCGT_36373839,0.837749807774,88,105
GGTG_34353637,0.837563288562,171,204
CACT_34353637,0.836412424012,118,141
TGGT_35363738,0.836212060205,159,190
CGTC_34353637,0.835511694399,107,128
TTAT_37383940,0.835003662228,219,262
AGTC_35363738,0.834861197748,76,91
TAGC_36373839,0.832989890664,85,102
CTTA_36373839,0.83292913615,100,120
GTTG_37383940,0.831805783443,154,185
ACTC_37383940,0.8311583981,74,89
AGGC_37383940,0.828827856246,141,170
CTGA_35363738,0.827967938735,145,175
ACCA_36373839,0.827727009667,169,204
GCCT_35363738,0.827482892329,130,157
TAAA_36373839,0.824490675112,227,275
AAGA_34353637,0.824439347604,132,160
TGAG_35363738,0.823967532532,108,131
GTCT_37383940,0.823170053476,84,102
TTTT_37383940,0.823117315157,291,353
GTAA_37383940,0.822237852461,144,175
AGTC_34353637,0.821129978709,69,84
ATTC_37383940,0.819150521736,141,172
TCCC_37383940,0.818440818837,104,127
TGAC_36373839,0.818255515596,122,149
CCAT_37383940,0.817546182878,144,176
ATTC_36373839,0.817034616533,130,159
CTCG_35363738,0.815775508993,71,87
TGGG_34353637,0.814691179476,97,119
GTGG_37383940,0.814534540723,119,146
GGTT_36373839,0.81290752651,144,177
AGAG_35363738,0.811507248853,82,101
CCCG_37383940,0.810259961519,120,148
GTAA_36373839,0.809387194688,145,179
AGGC_35363738,0.809328666631,115,142
CCAA_36373839,0.808264253703,93,115
CTCT_34353637,0.806928400508,88,109
GTCC_37383940,0.806915937674,67,83
TGTG_36373839,0.804409585747,99,123
TTAC_35363738,0.804237485731,161,200
CCTA_37383940,0.803045205558,49,61
ATAT_37383940,0.802175547306,163,203
CGTC_35363738,0.801663403762,138,172
AGGT_36373839,0.80147854928,85,106
GGCC_36373839,0.799553852868,92,115
ACTC_35363738,0.79953441001,96,120
GTAC_37383940,0.797854727138,95,119
ATTC_34353637,0.796785820996,122,153
AGTG_37383940,0.796146574825,94,118
GTAC_33343536,0.795332509812,74,93
GCTG_37383940,0.794270185253,202,254
AGTC_36373839,0.794231813373,58,73
TCTA_35363738,0.79287293962,46,58
AGAC_37383940,0.791676006695,80,101
GTAA_35363738,0.789574223624,147,186
ATCA_35363738,0.789071514364,173,219
ATTG_34353637,0.788957298166,154,195
TGTC_36373839,0.786885984695,100,127
AAGC_34353637,0.785999541682,155,197
TTTT_35363738,0.783632099432,285,363
CACG_35363738,0.78360200863,109,139
TGGC_36373839,0.783542143289,193,246
TGAC_37383940,0.78328475295,127,162
TCTG_37383940,0.783022625432,145,185
GTAT_34353637,0.782839476237,94,120
GCAA_37383940,0.78177850703,191,244
GTGG_35363738,0.780831272366,118,151
GGCA_36373839,0.780709735641,179,229
AAGC_35363738,0.780661938327,143,183
CATA_34353637,0.78021574844,114,146
ACCT_36373839,0.779362791336,85,109
ATGC_35363738,0.775719258095,125,161
ACGA_34353637,0.775473094551,97,125
AAAC_36373839,0.771138649906,183,237
TAGT_35363738,0.770230537378,47,61
GATA_37383940,0.770182438931,138,179
CGGG_35363738,0.769299877479,97,126
ACGT_34353637,0.76807343592,113,147
GGCT_37383940,0.766164011763,125,163
GCCT_36373839,0.765135248279,121,158
TAGC_35363738,0.763656126299,68,89
CCCT_36373839,0.763033820036,71,93
GCAA_34353637,0.762671754714,168,220
TGTC_35363738,0.761609112537,109,143
TACT_36373839,0.760563773111,86,113
TACT_35363738,0.760463905794,70,92
AGTG_36373839,0.760463905794,70,92
CTTC_37383940,0.760167355173,89,117
ACAT_36373839,0.759447125294,95,125
GTTA_36373839,0.758751559456,139,183
GTTA_35363738,0.758540734809,123,162
TACT_37383940,0.758431806139,85,112
GAAA_37383940,0.756812765696,191,252
TACA_35363738,0.756426759625,56,74
ATAG_35363738,0.754241326856,80,106
GAAT_34353637,0.75327462956,138,183
CTTA_37383940,0.749472688923,87,116
CCAG_34353637,0.749071173599,153,204
CAAA_37383940,0.747862570085,176,235
CTGT_35363738,0.745743230347,103,138
GTAG_33343536,0.745491788138,44,59
AACC_35363738,0.745162435134,141,189
TGCC_37383940,0.744825649351,185,248
AGCC_36373839,0.744499710944,117,157
GAGC_36373839,0.74389355302,102,137
GACT_35363738,0.74378933963,64,86
GTCA_36373839,0.74339140044,128,172
AGAA_36373839,0.743010129807,119,160
GTGG_33343536,0.742016674251,101,136
ACGC_34353637,0.741098810283,193,260
CTGG_35363738,0.738970235049,188,254
CATA_35363738,0.738219408199,82,111
GTGA_35363738,0.738118557442,116,157
GACA_37383940,0.737250864223,107,145
GACC_37383940,0.737132554601,90,122
CTTG_34353637,0.736909092378,73,99
GTTC_37383940,0.735826946382,95,129
TAAT_37383940,0.734557091032,139,189
GGGG_35363738,0.73359784063,69,94
AAAT_37383940,0.73316240047,227,309
AAAA_34353637,0.732550332505,282,384
CGTA_34353637,0.732193815601,74,101
CATG_34353637,0.731610415426,82,112
TGAA_36373839,0.730120041952,155,212
AATC_34353637,0.729203986646,157,215
TGGG_36373839,0.727523032934,83,114
AGTA_35363738,0.727523032934,83,114
TATC_35363738,0.726478645826,120,165
TACT_34353637,0.724997861481,74,102
TAAC_37383940,0.723742188784,121,167
AACT_36373839,0.723576175549,84,116
GTTA_37383940,0.723427709263,134,185
AGGT_35363738,0.722110896337,86,119
TGCA_36373839,0.721433712627,117,162
ATTT_37383940,0.721292660699,198,274
CCTC_34353637,0.721014495631,44,61
CGTA_35363738,0.719389002037,90,125
TTCC_35363738,0.719266482317,108,150
AGAA_37383940,0.717807857559,138,192
ATCG_35363738,0.717743432919,120,167
TGGC_35363738,0.715894259382,180,251
TTGA_36373839,0.715486588752,106,148
ATAA_35363738,0.714171870864,219,306
GCAG_37383940,0.711238944589,156,219
TGGG_35363738,0.710857532594,69,97
GTAT_36373839,0.709746690871,76,107
TAAT_36373839,0.70959982506,177,249
ATTA_36373839,0.709000291319,142,200
TATT_36373839,0.708801327407,164,231
TGTA_34353637,0.707852711675,68,96
GGGG_34353637,0.707419226004,63,89
GGAG_36373839,0.706059501447,65,92
ACGC_36373839,0.705728979086,164,232
TAAT_35363738,0.704940080008,132,187
AATA_34353637,0.704249888147,199,282
TGTG_37383940,0.702477178499,90,128
TCAT_36373839,0.702375040869,128,182
TTTG_34353637,0.702375040869,128,182
TGTA_37383940,0.701176026312,80,114
TGGA_35363738,0.700141749465,89,127
ATTA_37383940,0.700123397442,162,231
TCCT_36373839,0.698371935265,58,83
GGAA_36373839,0.696986150439,141,202
GTGT_35363738,0.696690016415,76,109
TGAG_37383940,0.695854628937,78,112
TTAC_36373839,0.695716377338,124,178
ATAG_36373839,0.693680407596,59,85
ATTG_35363738,0.692749615639,120,173
TCTT_36373839,0.691636265974,90,130
CTAT_37383940,0.68842152872,62,90
TGTG_34353637,0.688128448766,73,106
TTCA_35363738,0.687575699828,146,212
TGTA_35363738,0.68574230778,70,102
ACAC_34353637,0.682703868903,82,120
CATC_34353637,0.682096564248,151,221
TTTC_35363738,0.681632841689,168,246
ATAT_34353637,0.681598461987,142,208
AATA_36373839,0.680749408351,163,239
ACTA_35363738,0.679075678325,53,78
GTCT_36373839,0.676574729216,65,96
CCCC_37383940,0.676574729216,65,96
GCTA_36373839,0.674832851331,77,114
ACTG_34353637,0.674148595546,108,160
GGGC_37383940,0.67353949239,89,132
ATTT_35363738,0.673402488554,191,283
ACAA_37383940,0.673353205413,118,175
TATT_37383940,0.673353205413,118,175
ATGC_36373839,0.672545248135,130,193
TTGC_35363738,0.672062143417,167,248
ACAC_36373839,0.671963217002,76,113
GATG_37383940,0.670825087502,164,244
TACC_35363738,0.670679645282,94,140
TTAA_37383940,0.670661419618,168,250
TGTT_37383940,0.670059478137,147,219
GTTT_37383940,0.668861203028,136,203
CGTG_35363738,0.668003869236,103,154
AGAG_37383940,0.662734938168,65,98
GCAG_34353637,0.662237940833,132,199
ATTA_34353637,0.659676246021,154,233
CATG_35363738,0.659063858344,97,147
AAGG_35363738,0.658371848531,87,132
ATGA_36373839,0.658131487126,116,176
GGAC_36373839,0.657480405305,50,76
AATG_34353637,0.657417685369,135,205
CAGT_35363738,0.656378033489,92,140
ATGT_35363738,0.654810789936,78,119
AAAA_36373839,0.65445130649,262,399
AGGA_35363738,0.653619003961,70,107
TGTG_35363738,0.652544917554,81,124
ATTT_34353637,0.652030848061,183,280
GGGA_35363738,0.651169644805,73,112
GATT_37383940,0.650215001472,112,172
GAAA_34353637,0.648922219249,188,289
TAAA_35363738,0.645427144164,163,252
TTGG_34353637,0.644645461409,60,93
ATAC_36373839,0.643956220943,78,121
GGAG_34353637,0.642467900479,45,70
TTGT_34353637,0.642438396924,101,157
AGAG_36373839,0.64091869683,68,106
GGAA_34353637,0.640622597579,102,159
TCAA_36373839,0.639786088676,107,167
ACTT_36373839,0.639019578433,71,111
TAAG_37383940,0.639019578433,71,111
AAAT_34353637,0.638810164544,196,306
CAGC_35363738,0.637898418959,172,269
GAAT_37383940,0.633667386277,92,145
ATTC_35363738,0.632310715458,88,139
TAGT_36373839,0.630402619926,41,65
CGAG_35363738,0.629435196627,63,100
TGAT_36373839,0.628671290305,143,227
GTAA_33343536,0.624841090725,102,163
TCGT_34353637,0.623289121582,78,125
TTAG_36373839,0.622938752862,48,77
ACCC_36373839,0.622256269822,76,122
GAGT_34353637,0.622037999199,66,106
GGAG_37383940,0.619802453768,49,79
TCAG_37383940,0.616706824575,118,191
AATA_35363738,0.61626750481,134,217
AAAA_35363738,0.614118383956,241,391
CTAT_36373839,0.614032404603,59,96
AAGT_36373839,0.612368678331,57,93
AATT_37383940,0.61207514957,146,238
CTAC_34353637,0.611963262934,30,49
AGGG_37383940,0.610489160286,66,108
ATAC_34353637,0.609489257979,72,118
ATAA_34353637,0.608334754676,150,246
AAAC_35363738,0.608332002479,139,228
ACAG_37383940,0.607765692282,98,161
GAGT_35363738,0.607138718062,48,79
AATC_35363738,0.606688106376,110,181
GCTC_37383940,0.606161104162,71,117
AATG_35363738,0.604913599527,120,198
AAGC_36373839,0.603999382057,98,162
CAGG_34353637,0.603940852714,138,228
TTGA_34353637,0.603822355531,101,167
TATG_35363738,0.601113689772,68,113
AATT_34353637,0.597785343886,139,232
AAGG_34353637,0.594794175397,81,136
TACA_36373839,0.591960800151,64,108
TAGC_34353637,0.590853429339,55,93
CTTT_37383940,0.589541522426,114,193
AAAT_36373839,0.589059890241,150,254
TACC_37383940,0.587336767701,90,153
CCTC_37383940,0.58693183063,37,63
CCTG_34353637,0.585263650961,112,191
TGGA_36373839,0.58464233908,72,123
GATG_34353637,0.584566346974,133,227
TATA_37383940,0.582768060468,56,96
TCGA_36373839,0.582697293499,63,108
GTGT_36373839,0.581931030268,67,115
AGAT_36373839,0.581054923605,57,98
TTTT_34353637,0.580342679662,198,340
TACG_34353637,0.58033304374,61,105
TTAC_34353637,0.579730072175,90,155
CCCC_34353637,0.573911429985,54,94
ACGG_34353637,0.571383411433,91,159
TTGT_35363738,0.571227372224,99,173
CCTA_36373839,0.571221101114,20,35
CGTA_32333435,0.5707639586,64,112
TTAG_35363738,0.569256810993,49,86
CATT_34353637,0.568070849171,111,195
GGAA_37383940,0.567984235431,103,181
TAAC_34353637,0.566466269806,105,185
TAGC_37383940,0.565406885051,60,106
CTAA_36373839,0.563269795439,53,94
ACTC_34353637,0.562315749476,67,119
CGTG_32333435,0.558584464681,52,93
TTAA_36373839,0.558429589083,131,234
GCAC_33343536,0.557146033717,77,138
CGTT_34353637,0.556304825745,121,217
ATTT_36373839,0.556009588305,150,269
CTAG_37383940,0.555501786478,5,9
GTGA_33343536,0.555292459692,89,160
ATAG_34353637,0.555017278687,50,90
GATA_35363738,0.554531713507,95,171
CTAA_34353637,0.553611272377,41,74
TAGG_36373839,0.552910260029,26,47
CAGA_35363738,0.550138839624,81,147
CGAG_29303132,0.549903381266,186,337
TATC_37383940,0.549844213628,108,196
TTTG_35363738,0.548984412934,115,209
CCAT_34353637,0.548094310523,95,173
AGAC_36373839,0.547829185332,51,93
TATT_35363738,0.547545545645,118,215
TGTT_36373839,0.546410605042,98,179
AAAT_35363738,0.545186314926,163,298
ATGG_35363738,0.54452892562,84,154
AATT_35363738,0.544473951667,125,229
CCGT_34353637,0.544396386387,96,176
CAGG_35363738,0.542787657284,87,160
CGTG_34353637,0.541859788813,70,129
ATAA_36373839,0.537492422148,118,219
TTGC_34353637,0.53720337476,139,258
TGTA_36373839,0.535700897528,59,110
CTGG_34353637,0.533968230761,143,267
AGTA_36373839,0.529740782215,61,115
CTAC_37383940,0.529619762654,44,83
CCTT_36373839,0.526792012607,67,127
AGGG_35363738,0.525742099654,50,95
AAGT_35363738,0.523970462351,74,141
TAAG_35363738,0.523649525852,54,103
ATGA_35363738,0.521650643083,103,197
AGAG_34353637,0.521043882769,60,115
TACG_35363738,0.520253003585,50,96
GGGG_37383940,0.519395378131,52,100
ACAG_34353637,0.519092495637,78,150
TTAA_34353637,0.519023812658,115,221
CCTG_37383940,0.518372722136,106,204
AGGC_36373839,0.517992363679,69,133
TCTA_36373839,0.516890741149,30,58
ATAT_36373839,0.513769479093,87,169
TTAT_36373839,0.512579951322,111,216
AGTT_36373839,0.509784387675,72,141
GGGA_36373839,0.508792233436,54,106
AATT_36373839,0.508354572322,106,208
CAAT_34353637,0.506651061081,68,134
TGCT_36373839,0.504248928381,94,186
ATGT_36373839,0.502885883994,68,135
TAGA_35363738,0.499612609559,32,64
CTTA_34353637,0.491184582907,61,124
CCTA_35363738,0.491168426689,29,59
GGAC_37383940,0.487586965622,41,84
AAGT_34353637,0.486531050029,78,160
CGAC_34353637,0.486471325995,57,117
GAGC_35363738,0.485814739158,54,111
AGCA_36373839,0.484803782988,86,177
GTGC_33343536,0.483600413113,62,128
AGTG_35363738,0.482103599261,71,147
GAGA_35363738,0.481766566663,55,114
AAGA_36373839,0.474325216842,67,141
AACA_36373839,0.474256414499,97,204
GGGG_36373839,0.468171001962,45,96
AAGG_36373839,0.461195595044,67,145
TTTA_35363738,0.460206411749,102,221
GAAG_35363738,0.459611155895,70,152
TATG_34353637,0.459246813848,40,87
CTTC_34353637,0.456301014227,64,140
CTCC_34353637,0.455968942294,42,92
TTGT_36373839,0.455870288938,85,186
CTTT_34353637,0.455415019763,84,184
TGAG_34353637,0.454838842729,46,101
TAGG_30313233,0.450682622672,70,155
ATTA_35363738,0.449425492281,96,213
AGCT_36373839,0.446990232138,47,105
TAAA_37383940,0.446322604118,116,259
TGTC_37383940,0.446179175156,59,132
GGTC_32333435,0.441346872945,38,86
AAAG_35363738,0.43698653863,85,194
TAAT_34353637,0.429492261903,87,202
AGTG_32333435,0.427574316043,72,168
TCAG_34353637,0.422348593819,69,163
TATG_37383940,0.420772923359,51,121
AGGG_36373839,0.419935302366,37,88
CGTC_32333435,0.418982194326,47,112
ACGT_31323334,0.409163736734,199,483
TTAT_34353637,0.40630142225,77,189
GCAA_33343536,0.401101709204,74,184
CAAA_34353637,0.400550256762,88,219
TTAG_34353637,0.385312762624,27,70
AGTA_32333435,0.381189400544,42,110
TAGG_35363738,0.379714873533,19,50
GTAG_35363738,0.373023751301,31,83
GTAT_33343536,0.372302131306,47,126
CCTG_32333435,0.370934124929,83,223
TATT_34353637,0.362019069606,77,212
GAGG_35363738,0.350224907636,27,77
CGAG_34353637,0.346846960504,33,95
CCGA_32333435,0.338758775779,54,159
CTAT_34353637,0.337643581167,24,71
CAAC_29303132,0.337573263499,249,729
GTCG_33343536,0.33259058322,46,138
TATC_34353637,0.328603348633,58,176
TATA_35363738,0.325810155246,31,95
TGAA_33343536,0.322859029175,83,256
TAGG_34353637,0.321280788177,9,28
CACG_30313233,0.320227187147,166,514
GGAG_29303132,0.318887098517,110,343
TAAA_34353637,0.318480535622,70,219
ATGA_32333435,0.315370890985,69,218
AGGA_36373839,0.314736609422,29,92
AGGC_31323334,0.31197227485,205,650
TAGA_36373839,0.302692901812,20,66
CCGC_32333435,0.296681255311,70,235
CCCA_32333435,0.295072323402,34,115
GGGG_32333435,0.283419720643,21,74
AGGA_33343536,0.283252622281,19,67
TAGT_34353637,0.280936864653,18,64
TATA_34353637,0.280144455857,32,114
CACC_30313233,0.278389539045,221,783
AAGT_31323334,0.274269051573,135,488
TGAG_33343536,0.260332718591,30,115
CACA_30313233,0.258368446896,118,453
CAGG_30313233,0.257258105277,221,846
GCAT_33343536,0.256711782896,43,167
TGGA_33343536,0.255423563024,32,125
AACG_30313233,0.253766775129,212,823
GGGA_32333435,0.252475693795,22,87
CTAG_34353637,0.249963708507,2,8
AACC_30313233,0.249790595127,183,723
TGGG_33343536,0.247145485482,26,105
AGAG_29303132,0.246315557122,100,403
GTCT_33343536,0.24624710053,18,73
ACCT_31323334,0.246222942865,126,507
CACT_30313233,0.242884252576,129,526
ACCG_31323334,0.242047416187,207,842
TAAG_34353637,0.237180842267,24,101
GTCC_33343536,0.232561077218,17,73
GTGG_32333435,0.230266429046,27,117
CCTA_32333435,0.22896147424,11,48
GAGG_32333435,0.226898652009,20,88
GAAC_29303132,0.225389390536,140,614
CAAG_34353637,0.223364793133,17,76
GGTT_32333435,0.220022131456,30,136
GTGA_32333435,0.21953946845,37,168
CGAC_29303132,0.216752580918,128,584
CGTT_32333435,0.216184803138,36,166
CGGC_32333435,0.215914109859,44,203
CCGG_32333435,0.215792389639,59,272
TGAC_33343536,0.215010827628,41,190
GAGT_30313233,0.213885024996,81,376
TGTG_32333435,0.213207478129,28,131
CTGA_32333435,0.21275940429,38,178
CGAT_32333435,0.20823592561,24,115
GAAG_30313233,0.207271867269,146,695
CGAC_32333435,0.206435779931,24,116
AACT_30313233,0.203232889077,119,579
CCAG_32333435,0.199800074042,51,254
TGCA_32333435,0.199438324658,29,145
CTGC_32333435,0.197297571461,42,212
CGAA_29303132,0.196875276049,129,647
CTTC_32333435,0.193898384416,28,144
GTTC_33343536,0.19331054047,25,129
GCAG_33343536,0.192122471352,44,228
CTAC_32333435,0.192014476484,15,78
AACA_30313233,0.191294456723,161,828
GGGA_33343536,0.190678375172,17,89
CACG_32333435,0.190678375172,17,89
ACTG_31323334,0.18991442469,152,788
TGCG_33343536,0.189692034125,40,210
TAAC_29303132,0.184941441774,125,667
CCTC_32333435,0.18359202218,16,87
CTGG_32333435,0.183107599906,51,277
TAGA_34353637,0.180109675753,11,61
CTTG_32333435,0.177823608215,13,73
GACC_30313233,0.175087644653,82,464
GTCA_33343536,0.174325783152,25,143
CTGT_32333435,0.173133624319,21,121
GGAA_33343536,0.173072520979,29,167
TGTA_32333435,0.172716660336,18,104
ACGA_31323334,0.171413783574,74,428
GACG_30313233,0.171248120301,104,600
GATA_32333435,0.168415952809,25,148
AGGT_33343536,0.167664490398,20,119
AAAC_29303132,0.167488994978,161,943
ATAG_33343536,0.16634396631,16,96
GTTA_32333435,0.166283432167,19,114
TGGT_33343536,0.16598062954,34,204
AATG_31323334,0.165579433936,142,843
GAGA_30313233,0.165273233976,69,414
TGAG_29303132,0.164040279611,76,459
CCAA_32333435,0.163968027867,25,152
ACCA_31323334,0.163506880898,136,818
CGCA_32333435,0.161094945714,33,204
ATGG_32333435,0.160446851726,34,211
CAAG_32333435,0.159674718041,16,100
ACGG_31323334,0.159029610811,101,627
CAGG_32333435,0.158663462745,21,132
AGTC_32333435,0.157017849179,14,89
CTCG_32333435,0.156918492296,11,70
GAAT_30313233,0.155808265967,106,671
TGCT_33343536,0.154685379255,32,206
TTGA_32333435,0.154025171172,30,194
AAGG_30313233,0.15400463938,80,514
CAAT_32333435,0.153354561198,24,156
AGTG_31323334,0.153283666151,79,510
CCAC_32333435,0.152453893703,32,209
AGCA_32333435,0.15166854945,30,197
ATGC_32333435,0.149887206184,36,239
CGGT_32333435,0.148399771669,31,208
CGCG_32333435,0.147686133762,31,209
ACTT_31323334,0.147667623098,74,496
CAGC_32333435,0.146979292407,31,210
CGAA_32333435,0.146894674776,19,129
GTTT_33343536,0.14674383273,24,163
ACGC_31323334,0.146188870648,133,893
CGCC_32333435,0.144416116378,36,248
AGGG_31323334,0.143419027333,51,353
CGCT_32333435,0.141556019767,33,232
GGCC_32333435,0.14034558339,19,135
GTTG_32333435,0.14034558339,19,135
CTTT_32333435,0.139929242505,25,178
GGCG_32333435,0.139684837487,32,228
CACC_32333435,0.138914794871,23,165
CCAT_32333435,0.137346665843,28,203
CCGT_32333435,0.135861886842,24,176
TTAG_29303132,0.135682348385,40,293
GAGA_32333435,0.134353861485,19,141
ACAG_31323334,0.131336391426,79,594
ACCC_31323334,0.130898925639,58,439
GTAG_29303132,0.130837879867,46,349
TAGG_32333435,0.13030853911,6,46
CAAC_32333435,0.129992769936,21,161
CAAG_29303132,0.129450706139,40,307
ACTA_31323334,0.12856074904,34,263
ACAC_31323334,0.127644844164,55,427
GATG_32333435,0.1274425585,22,172
ACAA_31323334,0.126665554629,84,654
CATC_32333435,0.126585818313,23,181
CTAG_32333435,0.124978830474,1,8
GGGC_33343536,0.124661164626,16,128
AGGC_33343536,0.124576414775,20,160
CAGT_32333435,0.123648916643,15,121
CGGA_32333435,0.121218940744,13,107
AGGG_32333435,0.119744446058,12,100
CGGG_32333435,0.118988967335,13,109
GTGC_32333435,0.11331458783,15,132
CATT_32333435,0.112821201344,18,159
ACAT_31323334,0.112709243286,61,535
CTAT_32333435,0.112008581474,11,98
GCGA_32333435,0.111250592905,21,188
GCCA_33343536,0.109593615028,25,227
CATA_32333435,0.108673687106,11,101
GGGT_33343536,0.107310912037,10,93
GACT_30313233,0.107293926977,41,379
CCTT_32333435,0.107036892772,16,149
GGAC_29303132,0.104413066396,31,295
ACTC_31323334,0.10329890541,40,384
GGCG_33343536,0.103155303205,30,289
AGAA_33343536,0.102992545554,21,203
CGAG_32333435,0.102789231936,7,68
TTGA_33343536,0.101279842574,13,128
CCAG_29303132,0.10126555488,122,1174
TGAT_33343536,0.101087892183,20,197
TTGG_33343536,0.100927832949,9,89
GCGA_33343536,0.100221651818,17,169
AGAT_31323334,0.100172956179,49,484
TATG_32333435,0.0989856027682,14,141
AGAG_31323334,0.0983561357763,45,453
CTCA_32333435,0.0982861350095,14,142
AAGG_32333435,0.09789487483,17,173
CTAG_29303132,0.0974736357574,4,41
CAAA_32333435,0.0965436918907,23,237
ATAC_33343536,0.0960119820699,13,135
GCAG_29303132,0.0958604556784,93,950
CATG_32333435,0.0955477468433,9,94
GCTC_33343536,0.09501915179,10,105
CTCT_32333435,0.0945396886045,9,95
GGAA_29303132,0.0936038817633,65,684
ATGT_31323334,0.0935526315789,54,570
CCCG_32333435,0.0916949183496,15,163
GAAA_33343536,0.0916437670314,21,228
CAGA_32333435,0.0913392529569,12,131
TTAG_33343536,0.0907331066069,8,88
GTCA_32333435,0.0898699008756,10,111
ATGA_33343536,0.089032848102,16,179
CTAA_32333435,0.0884532225691,7,79
CACA_32333435,0.0877355234419,8,91
GGAA_32333435,0.0869611613381,13,149
ATAA_33343536,0.0863380078548,19,219
CACT_32333435,0.0852109322022,7,82
TCAG_33343536,0.0840233974747,19,225
GGTA_33343536,0.0837256223684,11,131
GTTA_33343536,0.0830449408291,13,156
TTCC_33343536,0.083022749274,14,168
ATGG_33343536,0.082513988276,13,157
GCCG_33343536,0.082223122763,23,278
CCCT_32333435,0.0812397548537,7,86
TGTG_33343536,0.0812369759106,11,135
CTTA_32333435,0.0790296713454,8,101
CTCC_32333435,0.0777882106279,6,77
GAGC_30313233,0.0775186554885,35,447
GGGC_32333435,0.0767443851701,8,104
TTCG_33343536,0.0766997014214,10,130
GACA_33343536,0.0760700113815,9,118
AGTT_31323334,0.0755507455934,43,562
GCGG_33343536,0.0749109526697,18,239
GCCC_33343536,0.0744029345095,10,134
ACGG_33343536,0.0735789597973,11,149
TGGC_33343536,0.0725960907484,22,301
AGCG_33343536,0.0721765995522,18,248
GCGC_33343536,0.0712712044371,19,265
TATA_32333435,0.0712263417164,9,126
GTTG_33343536,0.0703183320664,12,170
TAGA_32333435,0.0696323906761,6,86
GCTA_32333435,0.0693318654375,5,72
GGCT_32333435,0.0687852850422,8,116
GGCA_33343536,0.0679770028097,14,205
AGAC_33343536,0.0678032955723,7,103
TGCC_33343536,0.0677758561508,18,264
TTAA_33343536,0.0673454980813,17,251
GATG_30313233,0.0671309246621,63,919
TTAC_33343536,0.066888344781,10,149
AGAA_29303132,0.0654704510649,44,662
ATGC_33343536,0.0654111503484,14,213
GCGG_32333435,0.0651039075011,14,214
GGTG_33343536,0.0647058396457,13,200
TGAC_29303132,0.0646751498649,45,685
GGAC_33343536,0.0639893388327,5,78
TACC_30313233,0.0635365124246,41,636
TCAA_33343536,0.062666311139,10,159
ATCG_33343536,0.0626076795697,11,175
GCGT_33343536,0.0622050531207,13,208
GCTT_33343536,0.0615013425971,10,162
CTAC_29303132,0.060952706533,22,358
TAGT_30313233,0.0598998039643,15,249
GATG_33343536,0.0594284277755,12,201
GAAG_29303132,0.0587906594793,40,670
AGAC_29303132,0.0584504406537,23,390
GCTG_33343536,0.0584362796114,17,289
ACCA_33343536,0.0582631823124,12,205
ACGG_32333435,0.0582600179901,11,188
AGAG_33343536,0.0582118819527,8,137
AGTT_32333435,0.057691657766,7,121
TGTA_33343536,0.0567040752806,5,88
AGGA_32333435,0.0567040752806,5,88
GACT_33343536,0.0562466986774,4,71
TGAA_29303132,0.0549918807764,53,943
GACC_33343536,0.0549086830973,6,109
TAAG_30313233,0.0547506935869,24,434
ATTG_31323334,0.0546439662481,43,773
AGCA_33343536,0.0544160421206,10,183
AGGG_33343536,0.0536489647588,5,93
TGCA_33343536,0.0530482500886,9,169
AAGC_31323334,0.0525748450622,38,711
ATAG_29303132,0.052569838986,17,321
GAGC_32333435,0.050709659639,6,118
CCAT_29303132,0.0500920518153,36,707
TACG_30313233,0.0500327197326,25,494
GCTA_33343536,0.0499080571014,4,80
TGTC_32333435,0.0498390882474,7,140
TTTG_33343536,0.0489042077376,12,244
GCTG_32333435,0.0487059102028,9,184
TAGA_30313233,0.0480788789614,10,207
GGAT_33343536,0.0475038281663,5,105
AGCG_31323334,0.0474191673463,42,868
TCGG_33343536,0.0457561287685,5,109
ACGA_32333435,0.045662996161,6,131
TCTA_33343536,0.0454083562813,2,44
GGAG_33343536,0.0453852600183,3,66
GTAC_29303132,0.0450960437112,20,439
TGTT_33343536,0.045017828431,10,221
GGCT_33343536,0.0449995589855,7,155
ATCC_33343536,0.0449741514064,6,133
GAGC_33343536,0.0445272776293,5,112
GGCC_33343536,0.0445272776293,5,112
ATGC_31323334,0.0441278655071,34,757
ATTA_32333435,0.0440165050116,10,226
AAGC_33343536,0.0436942145102,9,205
CATA_30313233,0.0436676994578,22,498
GCCT_33343536,0.0436567986639,6,137
TTGT_33343536,0.0430265543663,6,139
TAAG_33343536,0.0420125561909,4,95
AGTA_33343536,0.0415739172514,4,96
AGGA_31323334,0.0409742861377,15,363
AGTG_33343536,0.0406770722226,6,147
ATCA_32333435,0.0406368830486,11,269
GGTC_33343536,0.0399070892814,4,100
AGCT_33343536,0.0398838587916,5,125
AAAA_33343536,0.0394175744865,17,427
GAAG_33343536,0.0391631229468,7,178
AATG_33343536,0.0390920834687,9,229
ATCA_33343536,0.0390296950218,8,204
TTCT_33343536,0.038570117268,6,155
GACG_33343536,0.038570117268,6,155
AAGG_31323334,0.0385211305684,20,513
CTAT_29303132,0.0383880385968,13,336
TACA_33343536,0.03800214303,4,105
GTTC_32333435,0.0377623900453,5,132
ATAT_31323334,0.0377042971634,28,730
TCAC_33343536,0.0371273111578,6,161
ATTC_33343536,0.0368739296075,7,189
TACG_33343536,0.0363797852836,5,137
TTAC_29303132,0.035336083562,25,696
AAGT_30313233,0.0351032159953,16,451
AGAT_33343536,0.0350945470544,5,142
AACG_33343536,0.0347476777997,8,229
AACA_33343536,0.0345957592757,8,230
ACAG_33343536,0.0345419360469,6,173
GGGG_33343536,0.0344126768002,3,87
ACCC_33343536,0.0343893139324,4,116
ATAG_31323334,0.0338168596281,13,381
ATTG_33343536,0.0331929926442,6,180
CAAT_30313233,0.0331606860962,27,799
AAGT_33343536,0.032964268646,4,121
AATC_33343536,0.0327346010612,8,243
AGTC_31323334,0.0320953578053,11,340
TAAC_33343536,0.0316054606124,6,189
TCAG_29303132,0.0315485607882,27,839
GAGA_33343536,0.0315086547755,3,95
CATG_30313233,0.0314342224883,16,503
TTGC_33343536,0.0312260706228,7,223
CAGT_30313233,0.0311850479834,23,725
TAAG_29303132,0.0310962352371,13,414
TTTC_33343536,0.0309408478585,8,257
CATT_30313233,0.0307155998838,26,830
TAGC_30313233,0.0302528161809,12,393
ACGT_33343536,0.030232645098,3,99
AGCT_31323334,0.0301062755166,14,460
TCGA_33343536,0.029364799244,2,68
TTCA_33343536,0.0292708546833,6,204
ATCT_33343536,0.0287756628941,3,104
GTAA_29303132,0.0283482973374,20,694
GCGC_32333435,0.0282907235393,7,246
AGTC_33343536,0.0282313563349,3,106
AATA_33343536,0.0280612065689,7,248
AGCC_32333435,0.0279723055416,5,178
TTTA_33343536,0.02781535981,5,179
TCTC_33343536,0.0277072092779,3,108
GATA_33343536,0.0273548706852,5,182
TTGT_32333435,0.0272047294223,5,183
TACT_33343536,0.0272021221139,3,110
ATTT_33343536,0.026758256383,7,260
ATGT_33343536,0.0267150737772,3,112
AAAG_33343536,0.0266550853593,7,261
CCCC_32333435,0.0266195683732,2,75
GAAC_30313233,0.0266046581334,16,593
TACC_33343536,0.02633724657,5,189
TCGC_33343536,0.02633724657,5,189
AAAG_29303132,0.0257435964824,23,875
AGCC_33343536,0.0256553335031,5,194
AACG_31323334,0.0255272177754,21,807
GAAA_32333435,0.0254995681825,6,234
ACTT_33343536,0.0253529894457,3,118
ACAG_29303132,0.0251003325766,16,628
ACCG_33343536,0.025068564011,6,238
AAAG_31323334,0.025032758281,22,861
TCAT_29303132,0.0248918186598,18,711
TATG_30313233,0.0248214907354,12,478
TAAT_30313233,0.0247145841126,21,833
AACT_33343536,0.0245969657051,4,162
ACTA_33343536,0.0243666402502,1,41
TACT_30313233,0.0243488562117,11,447
TCCA_33343536,0.0243194295193,3,123
CCAA_29303132,0.0240765658157,11,452
TTAA_29303132,0.0238095958496,21,864
GATT_30313233,0.023671216962,18,747
TGTC_33343536,0.0233666164622,3,128
TACA_32333435,0.0230060133668,3,130
GAAA_30313233,0.0229978077517,23,977
TCAC_29303132,0.0225074183273,14,613
TTGC_32333435,0.0224144856916,6,266
GGTT_33343536,0.0212956625362,4,187
AAGA_30313233,0.0212153402107,13,604
AAAG_30313233,0.0211306112724,18,835
ACAA_33343536,0.0210557093012,3,142
TATA_30313233,0.0209135758288,9,426
GATA_30313233,0.0208975944748,16,752
TATC_32333435,0.0200056658808,4,199
AAAT_33343536,0.0198577235772,6,300
CCAC_29303132,0.0198467697319,13,645
AATA_32333435,0.0198017482684,5,251
TATT_33343536,0.0197226898212,5,252
ATAC_29303132,0.0196831491188,10,502
CAAA_29303132,0.0193314486862,18,911
GGAC_32333435,0.0192070407516,1,52
TATC_33343536,0.0189526805157,4,210
GATT_33343536,0.0189161352208,3,158
GCAT_29303132,0.0186071926761,15,791
TGCC_32333435,0.0185096697596,4,215
AGTT_33343536,0.0180010161864,3,166
AAGA_33343536,0.0180010161864,3,166
AAGA_32333435,0.0175260687856,4,227
CAAG_30313233,0.0171483965766,6,347
ATGT_32333435,0.01707151671,3,175
AATT_31323334,0.0168871877489,14,813
GCAA_29303132,0.0168195447564,17,987
ACAT_29303132,0.0165769157841,9,536
TCAA_29303132,0.0161560852418,11,670
ACTC_33343536,0.0160814240626,2,124
GGAG_32333435,0.0158492061572,1,63
TCAT_33343536,0.0157180350164,3,190
TAGT_33343536,0.0156011842837,1,64
TTGG_32333435,0.0153369711678,2,130
CATC_30313233,0.0149836574656,14,914
TTAT_33343536,0.0149285040285,3,200
TGGA_32333435,0.0148777066954,2,134
AAAT_30313233,0.0141349857998,15,1035
GTAA_32333435,0.0140367999149,2,142
TTCA_32333435,0.0140129446199,3,213
ACAT_33343536,0.0139383020928,2,143
AATC_31323334,0.0138401225617,11,780
GTAT_29303132,0.0136124807541,7,508
AGCG_32333435,0.0135647686856,3,220
GAAC_33343536,0.0135577118683,2,147
ACGC_32333435,0.0134180393798,4,296
AAAC_33343536,0.0133725349307,4,297
ATTC_32333435,0.0132855898577,2,150
TCTT_33343536,0.0131972853643,2,151
GAAA_29303132,0.0128075796322,13,991
GCCA_32333435,0.0127488586514,3,234
CTAA_29303132,0.0124044277764,4,320
ATTG_32333435,0.0122978877455,2,162
TATG_33343536,0.0122221437185,2,163
CAGA_30313233,0.0116425041068,9,759
TCTG_33343536,0.0115128643904,2,173
GAAT_33343536,0.0113807357841,2,175
ATAT_33343536,0.011315797577,2,176
AGGC_32333435,0.0111253363552,2,179
TTAA_32333435,0.0110806411095,3,269
TCCT_33343536,0.0108456344494,1,92
GTCG_32333435,0.00997604819394,1,100
TAGT_32333435,0.00997604819394,1,100
AAGC_30313233,0.00987536191301,7,697
GACA_32333435,0.00959142350404,1,104
ACGC_33343536,0.00947588171047,2,210
AACC_33343536,0.00943074298835,2,211
TTAT_29303132,0.00936896609708,9,939
TAAA_32333435,0.00915885450109,3,325
GAGT_33343536,0.00882557788255,1,113
AGAA_31323334,0.00879799595313,6,671
TCCC_33343536,0.00874794830688,1,114
TATT_30313233,0.00872676137222,8,897
ACGA_33343536,0.00852302158764,1,117
ACAC_33343536,0.00837937090981,1,119
ACCT_33343536,0.00824046901471,1,121
TGAG_32333435,0.00778849527012,1,128
TAAA_33343536,0.00776448937869,2,256
TCCG_33343536,0.0075517471182,1,132
TGGC_32333435,0.00722469053254,2,275
AGAT_32333435,0.00711883621181,1,140
ACTG_33343536,0.0070182301561,1,142
CAAA_30313233,0.00695644255682,6,845
AAAT_31323334,0.00694564529065,7,984
AGGT_32333435,0.00682528703557,1,146
GATT_32333435,0.00611092400953,1,163
ATGG_31323334,0.00562623249071,4,699
ATAC_32333435,0.00556253359585,1,179
ATAC_31323334,0.00531380260781,3,557
TGTT_32333435,0.00510413545519,1,195
AGTA_31323334,0.00509324830198,2,389
TTAC_32333435,0.00502643349763,1,198
TAAC_32333435,0.00500105346124,1,199
ATTA_33343536,0.00495105100149,1,201
ATTA_31323334,0.00494148894351,4,794
TTTG_32333435,0.00476061101126,1,209
ACAA_29303132,0.00465216762618,3,635
GAAT_29303132,0.00455024692793,3,649
ATTC_31323334,0.00452897623006,3,652
AGCC_31323334,0.00448009773717,3,659
TGCG_32333435,0.00444019997857,1,224
ACCA_32333435,0.00438119918048,1,227
TTTC_32333435,0.00430491532033,1,231
ATAA_31323334,0.00427522579161,4,915
AATT_33343536,0.00412528423884,1,241
AATT_32333435,0.00407426606693,1,244
AAAA_32333435,0.00404178880102,2,489
TTTA_32333435,0.00402448720283,1,247
TAAT_33343536,0.00394415623167,1,252
AATG_32333435,0.00391290938148,1,254
CAAC_30313233,0.00391176818457,3,753
CAGC_30313233,0.00384460633286,5,1261
TATT_32333435,0.00376377668735,1,264
ACTG_32333435,0.00374948245931,1,265
AAGC_32333435,0.00363889854128,1,273
ATAA_32333435,0.00328714464638,1,302
ATAA_29303132,0.00313277610585,3,936
AAAC_30313233,0.00308886705313,3,949
TAAA_29303132,0.00303323073788,3,966
ATTT_31323334,0.00280118705255,3,1044
TATC_30313233,0.00267283144749,2,735
AGAC_31323334,0.00263544506965,1,376
ATAT_29303132,0.00260778236131,2,753
AAAT_32333435,0.00246963217606,1,401
ACAC_29303132,0.00233435388326,1,424
AATG_30313233,0.00231579193014,2,846
AATA_31323334,0.00216901353445,2,902
AAAA_29303132,0.00208584529633,3,1390
TAAA_30313233,0.00206364595404,2,947
AAAA_31323334,0.00197394851395,3,1466
AACT_31323334,0.00177441092151,1,556
AAGA_31323334,0.00164529572853,1,599
TAAC_30313233,0.00164251324607,1,600
AACC_31323334,0.00136472874781,1,720
ATGA_31323334,0.00136472874781,1,720
AATT_30313233,0.00124326404325,1,789
CAAT_29303132,0.00123211805769,1,796
AATA_30313233,0.00107836876339,1,907
AAAA_30313233,0.00067075010205,1,1439
CTAT_31323334,0.0,0,0
GGCT_31323334,0.0,0,0
GAAA_31323334,0.0,0,0
ATCA_30313233,0.0,0,0
GCCT_30313233,0.0,0,0
GCTA_29303132,0.0,0,0
GGTA_29303132,0.0,0,0
TAAT_29303132,0.0,0,787
GGAT_32333435,0.0,0,99
TGCT_29303132,0.0,0,0
AGAG_32333435,0.0,0,127
TGTC_29303132,0.0,0,0
GCTC_29303132,0.0,0,0
TATG_29303132,0.0,0,0
GATT_31323334,0.0,0,0
ATCT_30313233,0.0,0,0
CCAA_31323334,0.0,0,0
GAAG_32333435,0.0,0,126
ATTG_30313233,0.0,0,0
AAGT_29303132,0.0,0,0
CGTT_31323334,0.0,0,0
GGGC_29303132,0.0,0,0
CTCA_30313233,0.0,0,0
TGCC_29303132,0.0,0,0
TGTA_29303132,0.0,0,0
CACT_29303132,0.0,0,0
CACC_29303132,0.0,0,0
GTTA_30313233,0.0,0,0
ACCT_32333435,0.0,0,142
CAAA_31323334,0.0,0,0
AATC_32333435,0.0,0,235
CTGG_29303132,0.0,0,0
GACC_29303132,0.0,0,0
TGAG_31323334,0.0,0,0
TCGC_30313233,0.0,0,0
ACTA_30313233,0.0,0,0
CATC_31323334,0.0,0,0
TCGT_31323334,0.0,0,0
GTCT_31323334,0.0,0,0
ACTC_30313233,0.0,0,0
TCAC_30313233,0.0,0,0
ATGT_29303132,0.0,0,0
GGGT_31323334,0.0,0,0
AATT_29303132,0.0,0,0
GGGA_29303132,0.0,0,0
ATGA_30313233,0.0,0,0
TCTC_30313233,0.0,0,0
TGGC_31323334,0.0,0,0
CCAT_30313233,0.0,0,0
CACA_29303132,0.0,0,0
TTCG_32333435,0.0,0,128
AACC_29303132,0.0,0,0
TATC_31323334,0.0,0,0
CAGC_29303132,0.0,0,0
AAAG_32333435,0.0,0,257
TACC_31323334,0.0,0,0
GCTG_29303132,0.0,0,0
ACAG_32333435,0.0,0,244
TTAT_31323334,0.0,0,0
TCGG_30313233,0.0,0,0
CCCC_30313233,0.0,0,0
CGTC_31323334,0.0,0,0
TACG_32333435,0.0,0,116
GTAG_30313233,0.0,0,0
CTCT_29303132,0.0,0,0
AGTT_29303132,0.0,0,0
GCAG_31323334,0.0,0,0
ATCG_32333435,0.0,0,186
GGTA_31323334,0.0,0,0
TTTA_30313233,0.0,0,0
CGGT_30313233,0.0,0,0
ATCC_29303132,0.0,0,0
CTTC_30313233,0.0,0,0
ATAG_32333435,0.0,0,136
TTCC_30313233,0.0,0,0
GGCA_30313233,0.0,0,0
CAGG_29303132,0.0,0,0
CTCA_29303132,0.0,0,0
CGCT_30313233,0.0,0,0
CCCA_30313233,0.0,0,0
TTAG_32333435,0.0,0,81
ATTT_30313233,0.0,0,0
GAGG_31323334,0.0,0,0
TACC_32333435,0.0,0,197
GGGC_30313233,0.0,0,0
TGAA_31323334,0.0,0,0
CCTG_31323334,0.0,0,0
CTCT_31323334,0.0,0,0
AACC_32333435,0.0,0,240
AGCT_32333435,0.0,0,116
CATC_29303132,0.0,0,0
CAAG_31323334,0.0,0,0
ACAA_32333435,0.0,0,227
TGTA_31323334,0.0,0,0
CACG_31323334,0.0,0,0
AGAC_30313233,0.0,0,0
TCCC_30313233,0.0,0,0
CCCT_29303132,0.0,0,0
GTAG_31323334,0.0,0,0
CGTC_29303132,0.0,0,0
TGAT_31323334,0.0,0,0
AACG_32333435,0.0,0,240
ATAT_30313233,0.0,0,0
CGCG_31323334,0.0,0,0
CATT_31323334,0.0,0,0
TCGT_29303132,0.0,0,0
GTCC_32333435,0.0,0,62
TATG_31323334,0.0,0,0
AACA_29303132,0.0,0,0
CGAA_31323334,0.0,0,0
TTAA_30313233,0.0,0,0
TGAT_32333435,0.0,0,189
TCCT_30313233,0.0,0,0
AATA_29303132,0.0,0,0
AGCA_29303132,0.0,0,0
AGTT_30313233,0.0,0,0
AGGC_30313233,0.0,0,0
TGCA_31323334,0.0,0,0
CTAT_30313233,0.0,0,0
GATT_29303132,0.0,0,0
TTGT_31323334,0.0,0,0
TTCC_32333435,0.0,0,152
CCAC_30313233,0.0,0,0
ATTA_30313233,0.0,0,0
TCGT_33343536,0.0,0,118
TACG_29303132,0.0,0,0
AGAC_32333435,0.0,0,110
GGTC_30313233,0.0,0,0
GCCG_29303132,0.0,0,0
CGCC_29303132,0.0,0,0
GTGC_29303132,0.0,0,0
ATGC_29303132,0.0,0,0
TGTT_29303132,0.0,0,0
GAAT_32333435,0.0,0,158
AGCG_29303132,0.0,0,0
ACGT_29303132,0.0,0,0
CTGC_31323334,0.0,0,0
CTAC_30313233,0.0,0,0
GAGG_33343536,0.0,0,66
ACTA_29303132,0.0,0,0
ATTA_29303132,0.0,0,0
GTAT_30313233,0.0,0,0
CGTA_30313233,0.0,0,0
CTTA_29303132,0.0,0,0
TGTC_30313233,0.0,0,0
GGGT_30313233,0.0,0,0
GTAC_30313233,0.0,0,0
ACGT_32333435,0.0,0,192
TGAA_32333435,0.0,0,228
CGCT_31323334,0.0,0,0
GGGC_31323334,0.0,0,0
TTAG_31323334,0.0,0,0
GTAT_31323334,0.0,0,0
GGCT_30313233,0.0,0,0
TGGC_29303132,0.0,0,0
GTTT_31323334,0.0,0,0
GCGC_30313233,0.0,0,0
ATTG_29303132,0.0,0,0
ACTA_32333435,0.0,0,66
GCCT_32333435,0.0,0,129
TCTA_31323334,0.0,0,0
TTGC_29303132,0.0,0,0
TGTG_30313233,0.0,0,0
ATCC_30313233,0.0,0,0
GTCA_31323334,0.0,0,0
TTAT_30313233,0.0,0,0
TCAA_31323334,0.0,0,0
CACA_31323334,0.0,0,0
GGAG_31323334,0.0,0,0
TACA_31323334,0.0,0,0
GCGT_32333435,0.0,0,220
AGGT_30313233,0.0,0,0
CGTA_29303132,0.0,0,0
TTCT_31323334,0.0,0,0
CGGG_31323334,0.0,0,0
TTCC_31323334,0.0,0,0
GCCC_32333435,0.0,0,127
GTTT_32333435,0.0,0,181
TTTG_31323334,0.0,0,0
TTGA_29303132,0.0,0,0
TGAC_32333435,0.0,0,175
GCCC_31323334,0.0,0,0
TAAG_32333435,0.0,0,145
TGCG_29303132,0.0,0,0
GTGC_31323334,0.0,0,0
GACG_31323334,0.0,0,0
CGCA_30313233,0.0,0,0
TCTC_31323334,0.0,0,0
AGCT_29303132,0.0,0,0
CTCA_31323334,0.0,0,0
CTAG_31323334,0.0,0,0
TTCA_29303132,0.0,0,0
CCGG_30313233,0.0,0,0
CCCA_29303132,0.0,0,0
GACG_32333435,0.0,0,130
CTCC_29303132,0.0,0,0
CCAT_31323334,0.0,0,0
CAAT_31323334,0.0,0,0
GGGG_30313233,0.0,0,0
TTCG_31323334,0.0,0,0
GCTG_31323334,0.0,0,0
TGTT_30313233,0.0,0,0
TCAG_30313233,0.0,0,0
GAGT_31323334,0.0,0,0
GTTA_31323334,0.0,0,0
ACAA_30313233,0.0,0,0
TAGA_29303132,0.0,0,0
CGGC_29303132,0.0,0,0
GGCA_29303132,0.0,0,0
AGGG_29303132,0.0,0,0
AGTG_30313233,0.0,0,0
CCGA_29303132,0.0,0,0
ATTC_30313233,0.0,0,0
GGAA_30313233,0.0,0,0
CTGT_29303132,0.0,0,0
GGTT_29303132,0.0,0,0
ATAG_30313233,0.0,0,0
CTCC_30313233,0.0,0,0
CTTA_30313233,0.0,0,0
CTTC_31323334,0.0,0,0
TGCG_31323334,0.0,0,0
CACG_29303132,0.0,0,0
TAAG_31323334,0.0,0,0
TCGG_29303132,0.0,0,0
TTGA_31323334,0.0,0,0
TGCT_30313233,0.0,0,0
TGGG_32333435,0.0,0,114
ATTT_32333435,0.0,0,275
AAGA_29303132,0.0,0,0
CTCG_30313233,0.0,0,0
ATGT_30313233,0.0,0,0
TGTT_31323334,0.0,0,0
GACT_29303132,0.0,0,0
CGGT_29303132,0.0,0,0
GGAT_31323334,0.0,0,0
GGTC_31323334,0.0,0,0
AGAA_32333435,0.0,0,222
CTCG_31323334,0.0,0,0
GCGG_29303132,0.0,0,0
TATT_31323334,0.0,0,0
CTCT_30313233,0.0,0,0
CCGT_30313233,0.0,0,0
TTTA_29303132,0.0,0,0
CATA_31323334,0.0,0,0
TACT_31323334,0.0,0,0
GGCG_31323334,0.0,0,0
TAGG_33343536,0.0,0,48
GTGA_29303132,0.0,0,0
GCCT_31323334,0.0,0,0
ACCG_29303132,0.0,0,0
GCGA_29303132,0.0,0,0
AGCG_30313233,0.0,0,0
TCTT_31323334,0.0,0,0
AGAA_30313233,0.0,0,0
GTAA_30313233,0.0,0,0
GCGG_31323334,0.0,0,0
GCGT_29303132,0.0,0,0
TGAA_30313233,0.0,0,0
CCTA_30313233,0.0,0,0
CCGC_31323334,0.0,0,0
AAGT_32333435,0.0,0,188
ATGC_30313233,0.0,0,0
ATGG_29303132,0.0,0,0
TCGA_29303132,0.0,0,0
ACGT_30313233,0.0,0,0
TTCT_32333435,0.0,0,159
GCGA_30313233,0.0,0,0
CGTT_30313233,0.0,0,0
GCGC_31323334,0.0,0,0
ACTC_32333435,0.0,0,112
TGTG_29303132,0.0,0,0
TGAC_30313233,0.0,0,0
CTTG_31323334,0.0,0,0
CTGG_31323334,0.0,0,0
CAGA_29303132,0.0,0,0
TCCC_31323334,0.0,0,0
CTAA_31323334,0.0,0,0
ACCC_32333435,0.0,0,133
TTAA_31323334,0.0,0,0
TCTG_31323334,0.0,0,0
ACCA_30313233,0.0,0,0
GCCG_30313233,0.0,0,0
CCTT_31323334,0.0,0,0
TTCT_30313233,0.0,0,0
TTAG_30313233,0.0,0,0
AGGG_30313233,0.0,0,0
ACGA_29303132,0.0,0,0
GTCG_30313233,0.0,0,0
GTTA_29303132,0.0,0,0
TACA_30313233,0.0,0,418
CCTT_30313233,0.0,0,0
TCCT_29303132,0.0,0,0
TAGC_32333435,0.0,0,149
TACT_32333435,0.0,0,114
GATC_31323334,0.0,0,0
TCTC_29303132,0.0,0,0
CGGC_30313233,0.0,0,0
GGAA_31323334,0.0,0,0
TTCT_29303132,0.0,0,0
TATA_31323334,0.0,0,0
TTTT_31323334,0.0,0,0
TGGA_29303132,0.0,0,0
CCCG_30313233,0.0,0,0
CTGT_30313233,0.0,0,0
TTCA_30313233,0.0,0,0
TGTA_30313233,0.0,0,0
TTTG_30313233,0.0,0,0
ATCG_30313233,0.0,0,0
TTCA_31323334,0.0,0,0
CCTG_30313233,0.0,0,0
CTTT_31323334,0.0,0,0
GCAC_30313233,0.0,0,0
CTGG_30313233,0.0,0,0
TAAC_31323334,0.0,0,0
TGCT_31323334,0.0,0,0
CACT_31323334,0.0,0,0
TGCG_30313233,0.0,0,0
TTTC_29303132,0.0,0,0
CTTC_29303132,0.0,0,0
GCTA_31323334,0.0,0,0
CCGG_29303132,0.0,0,0
CGAA_30313233,0.0,0,0
GCGG_30313233,0.0,0,0
GAGG_29303132,0.0,0,0
GGTG_31323334,0.0,0,0
ATCT_29303132,0.0,0,0
CTTT_29303132,0.0,0,0
GGCG_29303132,0.0,0,0
ACTT_32333435,0.0,0,113
CGAC_31323334,0.0,0,0
AGTC_29303132,0.0,0,0
TCTT_30313233,0.0,0,0
TTGG_29303132,0.0,0,0
ATGG_30313233,0.0,0,0
CCCC_29303132,0.0,0,0
GCTC_31323334,0.0,0,0
CGAG_31323334,0.0,0,0
GTTT_30313233,0.0,0,0
GGAC_30313233,0.0,0,0
AAGC_29303132,0.0,0,0
ATCA_29303132,0.0,0,0
GTCC_30313233,0.0,0,0
CCGC_30313233,0.0,0,0
ACGA_30313233,0.0,0,0
TTGC_30313233,0.0,0,0
TTGG_30313233,0.0,0,0
TCTT_29303132,0.0,0,0
GGGG_31323334,0.0,0,0
TTTC_30313233,0.0,0,0
CCTC_29303132,0.0,0,0
TTGT_30313233,0.0,0,0
CCTA_29303132,0.0,0,0
AACA_31323334,0.0,0,812
TAAT_32333435,0.0,0,246
GGCC_30313233,0.0,0,0
AGTA_29303132,0.0,0,0
ACCT_30313233,0.0,0,0
CGCA_31323334,0.0,0,0
TCAA_30313233,0.0,0,0
TTCG_30313233,0.0,0,0
GGAT_30313233,0.0,0,0
TCGG_31323334,0.0,0,0
CATT_29303132,0.0,0,0
GTCT_30313233,0.0,0,0
GCCG_32333435,0.0,0,169
CCAG_31323334,0.0,0,0
AAAT_29303132,0.0,0,1062
GTAA_31323334,0.0,0,0
GATC_29303132,0.0,0,0
GCGT_30313233,0.0,0,0
TCCG_31323334,0.0,0,0
TGGC_30313233,0.0,0,0
TGGG_29303132,0.0,0,0
GCAG_30313233,0.0,0,0
ATCT_32333435,0.0,0,155
GCCT_29303132,0.0,0,0
TTCG_29303132,0.0,0,0
TGTG_31323334,0.0,0,0
AGTC_30313233,0.0,0,0
AACT_29303132,0.0,0,0
GCAA_31323334,0.0,0,0
GTTC_29303132,0.0,0,0
GCTG_30313233,0.0,0,0
ACAC_30313233,0.0,0,0
CAGC_31323334,0.0,0,0
TTAC_30313233,0.0,0,0
ATCC_32333435,0.0,0,170
GAGA_31323334,0.0,0,0
AATC_30313233,0.0,0,752
GACA_31323334,0.0,0,0
CCTC_30313233,0.0,0,0
TCCA_29303132,0.0,0,0
GATG_29303132,0.0,0,0
TTTC_31323334,0.0,0,0
TTGC_31323334,0.0,0,0
GCCG_31323334,0.0,0,0
CGGG_30313233,0.0,0,0
ACCA_29303132,0.0,0,0
GTTC_31323334,0.0,0,0
GTTG_30313233,0.0,0,0
TTTG_29303132,0.0,0,0
CCTG_29303132,0.0,0,0
GGTA_30313233,0.0,0,0
CGGA_31323334,0.0,0,0
CGTC_30313233,0.0,0,0
ATTC_29303132,0.0,0,0
GCCC_30313233,0.0,0,0
GGCA_31323334,0.0,0,0
TATA_29303132,0.0,0,0
GTCG_31323334,0.0,0,0
CCAG_30313233,0.0,0,0
CCCG_29303132,0.0,0,0
GCAT_31323334,0.0,0,0
TTCC_29303132,0.0,0,0
GCAA_30313233,0.0,0,0
GCTC_30313233,0.0,0,0
TCGA_31323334,0.0,0,0
AGCT_30313233,0.0,0,0
GAGA_29303132,0.0,0,0
CCCT_31323334,0.0,0,0
AGGC_29303132,0.0,0,0
TAGC_31323334,0.0,0,0
TGGA_30313233,0.0,0,0
TGTC_31323334,0.0,0,0
CGCC_31323334,0.0,0,0
GAAG_31323334,0.0,0,0
AGCC_30313233,0.0,0,0
CCGA_30313233,0.0,0,0
AGTA_30313233,0.0,0,0
TACG_31323334,0.0,0,0
CGAT_30313233,0.0,0,0
TATA_33343536,0.0,0,110
AGAT_30313233,0.0,0,0
TGGA_31323334,0.0,0,0
CATG_29303132,0.0,0,0
CTCG_29303132,0.0,0,0
CTAA_30313233,0.0,0,0
GCAT_30313233,0.0,0,0
GGAC_31323334,0.0,0,0
CGGC_31323334,0.0,0,0
GCAA_32333435,0.0,0,222
CCTA_31323334,0.0,0,0
CCCA_31323334,0.0,0,0
AGTG_29303132,0.0,0,0
GTAG_32333435,0.0,0,55
ATTT_29303132,0.0,0,0
AAAC_31323334,0.0,0,897
GCGA_31323334,0.0,0,0
GTGT_30313233,0.0,0,0
GCAG_32333435,0.0,0,250
GCCC_29303132,0.0,0,0
ACTG_30313233,0.0,0,0
GGTT_31323334,0.0,0,0
TACC_29303132,0.0,0,0
ACCG_30313233,0.0,0,0
CCTC_31323334,0.0,0,0
AACT_32333435,0.0,0,165
CGGG_29303132,0.0,0,0
ACTT_30313233,0.0,0,0
GAGC_31323334,0.0,0,0
CGGT_31323334,0.0,0,0
CGTT_29303132,0.0,0,0
CTTG_29303132,0.0,0,0
CCCT_30313233,0.0,0,0
TGGG_30313233,0.0,0,0
AGCA_30313233,0.0,0,0
GAAT_31323334,0.0,0,0
TAGG_31323334,0.0,0,0
CTTA_31323334,0.0,0,0
GCTT_31323334,0.0,0,0
TTGT_29303132,0.0,0,0
CCTT_29303132,0.0,0,0
GTGA_31323334,0.0,0,0
GCAC_31323334,0.0,0,0
TCCA_30313233,0.0,0,0
TCCG_30313233,0.0,0,0
CGAT_31323334,0.0,0,0
GACT_32333435,0.0,0,64
GATG_31323334,0.0,0,0
ATAA_30313233,0.0,0,0
GCTT_30313233,0.0,0,0
CGCG_30313233,0.0,0,0
AAGG_33343536,0.0,0,136
CGAG_30313233,0.0,0,0
TCTG_29303132,0.0,0,0
GTTG_29303132,0.0,0,0
GTGT_31323334,0.0,0,0
TGCT_32333435,0.0,0,173
AGAG_30313233,0.0,0,0
GAGC_29303132,0.0,0,0
ACGG_30313233,0.0,0,0
TGAT_30313233,0.0,0,0
ACAT_30313233,0.0,0,0
GTAC_32333435,0.0,0,86
GGCT_29303132,0.0,0,0
GTAT_32333435,0.0,0,106
GGGT_29303132,0.0,0,0
TGGT_31323334,0.0,0,0
GACA_30313233,0.0,0,511
GTCT_32333435,0.0,0,67
TTGA_30313233,0.0,0,0
GCTC_32333435,0.0,0,87
TTAC_31323334,0.0,0,0
GTTG_31323334,0.0,0,0
CTAC_31323334,0.0,0,0
TTGG_31323334,0.0,0,0
AGCC_29303132,0.0,0,0
GCGC_29303132,0.0,0,0
TAAT_31323334,0.0,0,0
CCGA_31323334,0.0,0,0
TGCA_30313233,0.0,0,0
AACA_32333435,0.0,0,252
CTAG_30313233,0.0,0,0
TGGG_31323334,0.0,0,0
TGCA_29303132,0.0,0,0
ATCG_29303132,0.0,0,0
GCTT_29303132,0.0,0,0
TCAG_31323334,0.0,0,0
CTGA_31323334,0.0,0,0
TGCC_30313233,0.0,0,0
AGGA_30313233,0.0,0,0
GCTA_30313233,0.0,0,0
TTTT_32333435,0.0,0,357
CCGT_31323334,0.0,0,0
TATC_29303132,0.0,0,0
ACCC_29303132,0.0,0,0
TTTT_29303132,0.0,0,0
CGTA_31323334,0.0,0,0
GTGT_32333435,0.0,0,93
CGGA_30313233,0.0,0,0
GCTT_32333435,0.0,0,117
CTTG_30313233,0.0,0,0
TCAC_31323334,0.0,0,0
AAGG_29303132,0.0,0,0
TCTA_29303132,0.0,0,0
CTGA_30313233,0.0,0,0
CAAC_31323334,0.0,0,0
ACAT_32333435,0.0,0,177
GGGG_29303132,0.0,0,0
TCGT_30313233,0.0,0,0
AACG_29303132,0.0,0,0
AATC_29303132,0.0,0,0
GAGT_29303132,0.0,0,0
CTCC_31323334,0.0,0,0
CGTG_30313233,0.0,0,0
GGAG_30313233,0.0,0,0
TGCC_31323334,0.0,0,0
CCCC_31323334,0.0,0,0
ACCT_29303132,0.0,0,0
ACTT_29303132,0.0,0,0
GACC_32333435,0.0,0,78
TAGC_29303132,0.0,0,0
CAGT_29303132,0.0,0,0
ACGC_30313233,0.0,0,0
GCCA_30313233,0.0,0,0
CACC_31323334,0.0,0,0
TCAT_30313233,0.0,0,0
GTCA_29303132,0.0,0,0
TGAC_31323334,0.0,0,0
TTTA_31323334,0.0,0,0
GTCC_29303132,0.0,0,0
TCTG_30313233,0.0,0,0
TGGT_32333435,0.0,0,176
TCCC_29303132,0.0,0,0
TAAA_31323334,0.0,0,0
TTTT_33343536,0.0,0,311
TAGA_31323334,0.0,0,0
CCCG_31323334,0.0,0,0
GAAC_31323334,0.0,0,0
ATGA_29303132,0.0,0,0
CGCG_29303132,0.0,0,0
ATAT_32333435,0.0,0,285
GTCC_31323334,0.0,0,0
GTTC_30313233,0.0,0,0
CAGA_31323334,0.0,0,0
TCTA_30313233,0.0,0,0
CTGT_31323334,0.0,0,0
ACAC_32333435,0.0,0,164
AGGA_29303132,0.0,0,0
GACC_31323334,0.0,0,0
AGGT_29303132,0.0,0,0
GTCT_29303132,0.0,0,0
TAGA_33343536,0.0,0,50
GTGC_30313233,0.0,0,0
TAGC_33343536,0.0,0,118
GTGG_30313233,0.0,0,0
GATA_31323334,0.0,0,0
GGTG_29303132,0.0,0,0
CGCC_30313233,0.0,0,0
CGTG_31323334,0.0,0,0
TCGC_31323334,0.0,0,0
TATT_29303132,0.0,0,0
CCAA_30313233,0.0,0,0
TCGC_29303132,0.0,0,0
TCCG_29303132,0.0,0,0
ACTC_29303132,0.0,0,0
TGGT_30313233,0.0,0,0
GTGG_31323334,0.0,0,0
CATG_31323334,0.0,0,0
CGCT_29303132,0.0,0,0
TCGA_30313233,0.0,0,0
ACGC_29303132,0.0,0,0
GCAC_32333435,0.0,0,150
ACCG_32333435,0.0,0,218
TACT_29303132,0.0,0,0
CGAC_30313233,0.0,0,0
TAGG_29303132,0.0,0,0
TAGT_29303132,0.0,0,0
GGGT_32333435,0.0,0,88
CCGT_29303132,0.0,0,0
AATG_29303132,0.0,0,0
CTGA_29303132,0.0,0,0
CGCA_29303132,0.0,0,0
CCGG_31323334,0.0,0,0
TACA_29303132,0.0,0,0
TAGT_31323334,0.0,0,0
AAAC_32333435,0.0,0,319
GGTT_30313233,0.0,0,0
CGTG_29303132,0.0,0,0
GTGG_29303132,0.0,0,0
CCAC_31323334,0.0,0,0
TTTT_30313233,0.0,0,0
GGCC_31323334,0.0,0,0
GAAC_32333435,0.0,0,153
ATAC_30313233,0.0,0,0
GTTT_29303132,0.0,0,0
GTAC_31323334,0.0,0,0
ACAG_30313233,0.0,0,0
CATA_29303132,0.0,0,0
GCAT_32333435,0.0,0,190
GCGT_31323334,0.0,0,0
GATA_29303132,0.0,0,0
GACA_29303132,0.0,0,0
TCAT_31323334,0.0,0,0
GGTG_30313233,0.0,0,0
CGGA_29303132,0.0,0,0
GGTC_29303132,0.0,0,0
CTGC_30313233,0.0,0,0
GTGA_30313233,0.0,0,0
CTTT_30313233,0.0,0,0
GAGT_32333435,0.0,0,106
ACGG_29303132,0.0,0,0
TGGT_29303132,0.0,0,0
GGGA_30313233,0.0,0,0
GTGT_29303132,0.0,0,0
CAGT_31323334,0.0,0,0
GCCA_29303132,0.0,0,0
TTAT_32333435,0.0,0,246
TCCT_31323334,0.0,0,0
CAGG_31323334,0.0,0,0
CCGC_29303132,0.0,0,0
TCCA_31323334,0.0,0,0
GCCA_31323334,0.0,0,0
ACCC_30313233,0.0,0,0
GACT_31323334,0.0,0,0
GACG_29303132,0.0,0,0
GGCC_29303132,0.0,0,0
TGAG_30313233,0.0,0,0
GGGA_31323334,0.0,0,0
ACTG_29303132,0.0,0,0
AGCA_31323334,0.0,0,812
CTGC_29303132,0.0,0,0
GTCG_29303132,0.0,0,0
GGCG_30313233,0.0,0,0
GTCA_30313233,0.0,0,0
